Sample_ID,Length_nm,Width_nm,Temp_C,Freq_rad_s,G1_Pa,G2_Pa
409A,30,22.2,15,0.01,0.087712,0.047904
409A,30,22.2,15,0.0147,2.24E-06,0.044718
409A,30,22.2,15,0.0215,0.04642,0.037626
409A,30,22.2,15,0.0316,0.025245,0.0066915
409A,30,22.2,15,0.0464,0.048818,0.027838
409A,30,22.2,15,0.0681,0.022228,0.007727
409A,30,22.2,15,0.1,0.0065286,0.010985
409A,30,22.2,15,0.147,0.015412,0.0037208
409A,30,22.2,15,0.215,0.039229,0.029435
409A,30,22.2,15,0.316,0.0063606,0.0256
409A,30,22.2,15,0.464,7.14E-07,0.014276
409A,30,22.2,15,0.681,0.024838,0.04836
409A,30,22.2,15,1,0.0087799,0.074558
409A,30,22.2,15,1.47,0.024903,0.13713
409A,30,22.2,15,2.15,0.02731,0.19711
409A,30,22.2,15,3.16,0.022413,0.27726
409A,30,22.2,15,4.64,2.05E-05,0.41091
409A,30,22.2,15,6.81,3.18E-05,0.63502
409A,30,22.2,15,10,4.94E-05,0.98848
409A,30,22.2,15,14.7,9.29E-05,1.8581
409A,30,22.2,15,21.5,0.00014986,2.9972
409A,30,22.2,15,31.6,0.0002943,5.8861
409A,30,22.2,15,46.4,0.00061897,12.379
409A,30,22.2,15,68.1,0.0013672,27.344
409A,30,22.2,15,100,0.0032027,64.053
409A,30,22.2,20,0.01,0.15177,7.59E-06
409A,30,22.2,20,0.0147,0.11332,0.029704
409A,30,22.2,20,0.0215,0.058179,0.050242
409A,30,22.2,20,0.0316,0.036853,0.06163
409A,30,22.2,20,0.0464,0.10444,0.0066948
409A,30,22.2,20,0.0681,0.11653,0.0089443
409A,30,22.2,20,0.1,0.066355,0.014875
409A,30,22.2,20,0.147,1.40E-06,0.028045
409A,30,22.2,20,0.215,0.018831,0.039388
409A,30,22.2,20,0.316,0.060068,0.022146
409A,30,22.2,20,0.464,0.015357,0.045572
409A,30,22.2,20,0.681,0.052055,0.073456
409A,30,22.2,20,1,0.045882,0.083481
409A,30,22.2,20,1.47,0.041884,0.127
409A,30,22.2,20,2.15,0.051909,0.16079
409A,30,22.2,20,3.16,0.05884,0.24986
409A,30,22.2,20,4.64,0.11706,0.37625
409A,30,22.2,20,6.81,0.097315,0.58033
409A,30,22.2,20,10,0.027803,0.95145
409A,30,22.2,20,14.7,0.10018,1.6938
409A,30,22.2,20,21.5,7.36E-05,1.4722
409A,30,22.2,20,31.6,0.00013402,2.6805
409A,30,22.2,20,46.4,0.00025845,5.169
409A,30,22.2,20,68.1,0.00056147,11.229
409A,30,22.2,20,100,0.0014999,29.999
409A,30,22.2,25,0.01,0.070778,0.020484
409A,30,22.2,25,0.0147,5.04E-06,0.10089
409A,30,22.2,25,0.0215,7.83E-07,0.015666
409A,30,22.2,25,0.0316,1.56E-06,0.031147
409A,30,22.2,25,0.0464,1.11E-06,0.022234
409A,30,22.2,25,0.0681,1.71E-06,0.034107
409A,30,22.2,25,0.1,1.05E-06,0.020962
409A,30,22.2,25,0.147,2.91E-06,0.058263
409A,30,22.2,25,0.215,1.30E-06,0.025951
409A,30,22.2,25,0.316,3.09E-06,0.061861
409A,30,22.2,25,0.464,4.07E-06,0.081396
409A,30,22.2,25,0.681,5.28E-06,0.1057
409A,30,22.2,25,1,4.34E-06,0.086818
409A,30,22.2,25,1.47,8.95E-06,0.17905
409A,30,22.2,25,2.15,1.12E-05,0.2243
409A,30,22.2,25,3.16,1.52E-05,0.3031
409A,30,22.2,25,4.64,2.00E-05,0.40052
409A,30,22.2,25,6.81,3.32E-05,0.66411
409A,30,22.2,25,10,5.28E-05,1.0568
409A,30,22.2,25,14.7,9.55E-05,1.9106
409A,30,22.2,25,21.5,0.00014909,2.9819
409A,30,22.2,25,31.6,0.00030331,6.0662
409A,30,22.2,25,46.4,0.00067551,13.51
409A,30,22.2,25,68.1,0.0013892,27.784
409A,30,22.2,25,100,0.003175,63.5
409A,30,22.2,30,0.01,0.24078,1.20E-05
409A,30,22.2,30,0.0147,0.072724,0.027045
409A,30,22.2,30,0.0215,3.60E-06,0.072062
409A,30,22.2,30,0.0316,2.07E-06,0.041418
409A,30,22.2,30,0.0464,4.72E-06,0.094322
409A,30,22.2,30,0.0681,0.003615,0.011939
409A,30,22.2,30,0.1,0.032361,0.0093463
409A,30,22.2,30,0.147,1.05E-06,0.020904
409A,30,22.2,30,0.215,0.01872,0.047295
409A,30,22.2,30,0.316,0.038068,0.058897
409A,30,22.2,30,0.464,0.0021405,0.11484
409A,30,22.2,30,0.681,0.068961,0.126
409A,30,22.2,30,1,0.057212,0.15143
409A,30,22.2,30,1.47,0.061809,0.20317
409A,30,22.2,30,2.15,0.074067,0.28341
409A,30,22.2,30,3.16,0.07478,0.35285
409A,30,22.2,30,4.64,0.0080137,0.44094
409A,30,22.2,30,6.81,0.030719,0.68675
409A,30,22.2,30,10,4.94E-05,0.98885
409A,30,22.2,30,14.7,9.18E-05,1.8369
409A,30,22.2,30,21.5,0.00012019,2.4038
409A,30,22.2,30,31.6,0.00024277,4.8555
409A,30,22.2,30,46.4,0.00051018,10.204
409A,30,22.2,30,68.1,0.0011465,22.931
409A,30,22.2,30,100,0.002711,54.22
409A,30,22.2,35,0.01,0.051994,0.012124
409A,30,22.2,35,0.0147,0.072295,0.0029682
409A,30,22.2,35,0.0215,0.063905,0.028219
409A,30,22.2,35,0.0316,0.075581,0.042712
409A,30,22.2,35,0.0464,0.097506,0.038614
409A,30,22.2,35,0.0681,0.082287,0.06417
409A,30,22.2,35,0.1,0.10562,0.090055
409A,30,22.2,35,0.147,0.096385,0.094031
409A,30,22.2,35,0.215,0.16144,0.070568
409A,30,22.2,35,0.316,0.11505,0.1001
409A,30,22.2,35,0.464,0.11532,0.11897
409A,30,22.2,35,0.681,0.14811,0.15742
409A,30,22.2,35,1,0.15372,0.21306
409A,30,22.2,35,1.47,0.17864,0.23641
409A,30,22.2,35,2.15,0.22106,0.33753
409A,30,22.2,35,3.16,0.31579,0.43325
409A,30,22.2,35,4.64,0.36438,0.64046
409A,30,22.2,35,6.81,0.46553,0.81278
409A,30,22.2,35,10,0.62918,1.1909
409A,30,22.2,35,14.7,1.0061,1.8918
409A,30,22.2,35,21.5,0.84838,1.6753
409A,30,22.2,35,31.6,1.1946,1.9413
409A,30,22.2,35,46.4,1.94,2.6939
409A,30,22.2,35,68.1,3.4921,3.1702
409A,30,22.2,35,100,1.7299,3.7465
409B,30,26.28,15,0.01,1.87E-06,0.037485
409B,30,26.28,15,0.0147,0.059264,0.01518
409B,30,26.28,15,0.0215,0.039788,0.04382
409B,30,26.28,15,0.0316,0.037691,0.064765
409B,30,26.28,15,0.0464,0.0026468,0.00026915
409B,30,26.28,15,0.0681,0.047456,0.061799
409B,30,26.28,15,0.1,0.024835,0.10245
409B,30,26.28,15,0.147,0.078565,0.15581
409B,30,26.28,15,0.215,0.010076,0.22102
409B,30,26.28,15,0.316,0.041652,0.31085
409B,30,26.28,15,0.464,0.070504,0.4801
409B,30,26.28,15,0.681,0.078395,0.69718
409B,30,26.28,15,1,0.049866,1.0188
409B,30,26.28,15,1.47,0.061495,1.4873
409B,30,26.28,15,2.15,0.099345,2.1507
409B,30,26.28,15,3.16,0.16999,3.1779
409B,30,26.28,15,4.64,0.16038,4.5745
409B,30,26.28,15,6.81,0.2869,6.7503
409B,30,26.28,15,10,0.41156,9.9648
409B,30,26.28,15,14.7,0.68664,14.719
409B,30,26.28,15,21.5,1.4128,22.091
409B,30,26.28,15,31.6,1.2923,29.638
409B,30,26.28,15,46.4,2.0014,41.83
409B,30,26.28,15,68.1,2.3498,56.244
409B,30,26.28,15,100,0.003669,73.379
409B,30,26.28,20,0.01,4.83E-06,0.096576
409B,30,26.28,20,0.0147,0.018855,0.040511
409B,30,26.28,20,0.0215,0.081886,0.020872
409B,30,26.28,20,0.0316,0.068241,0.030331
409B,30,26.28,20,0.0464,0.064324,0.039585
409B,30,26.28,20,0.0681,0.061634,0.06199
409B,30,26.28,20,0.1,0.049547,0.1258
409B,30,26.28,20,0.147,0.076543,0.17161
409B,30,26.28,20,0.215,0.05494,0.2589
409B,30,26.28,20,0.316,0.058904,0.33034
409B,30,26.28,20,0.464,0.060464,0.49543
409B,30,26.28,20,0.681,0.087529,0.75729
409B,30,26.28,20,1,0.079211,1.1046
409B,30,26.28,20,1.47,0.10439,1.5356
409B,30,26.28,20,2.15,0.11165,2.2637
409B,30,26.28,20,3.16,0.15508,3.3213
409B,30,26.28,20,4.64,0.14356,4.9524
409B,30,26.28,20,6.81,0.19849,7.1425
409B,30,26.28,20,10,0.25171,10.465
409B,30,26.28,20,14.7,0.23486,15.377
409B,30,26.28,20,21.5,0.59134,22.916
409B,30,26.28,20,31.6,0.0015648,31.296
409B,30,26.28,20,46.4,0.0022199,44.397
409B,30,26.28,20,68.1,0.0031071,62.141
409B,30,26.28,20,100,0.0042346,84.693
409B,30,26.28,25,0.01,0.036146,0.06714
409B,30,26.28,25,0.0147,0.065308,0.055406
409B,30,26.28,25,0.0215,4.26E-06,0.085261
409B,30,26.28,25,0.0316,0.03559,0.048784
409B,30,26.28,25,0.0464,0.045473,0.049017
409B,30,26.28,25,0.0681,0.05106,0.05065
409B,30,26.28,25,0.1,0.0055407,0.098655
409B,30,26.28,25,0.147,0.034608,0.16484
409B,30,26.28,25,0.215,0.0052709,0.231
409B,30,26.28,25,0.316,0.062529,0.3503
409B,30,26.28,25,0.464,0.021592,0.52783
409B,30,26.28,25,0.681,0.050946,0.71895
409B,30,26.28,25,1,0.090817,1.0694
409B,30,26.28,25,1.47,0.047135,1.5788
409B,30,26.28,25,2.15,0.091363,2.3257
409B,30,26.28,25,3.16,0.10099,3.3561
409B,30,26.28,25,4.64,0.16016,4.9357
409B,30,26.28,25,6.81,0.22411,7.2672
409B,30,26.28,25,10,0.3706,10.643
409B,30,26.28,25,14.7,0.75869,15.698
409B,30,26.28,25,21.5,1.4188,23.39
409B,30,26.28,25,31.6,1.3654,31.524
409B,30,26.28,25,46.4,2.4198,44.073
409B,30,26.28,25,68.1,2.3927,59.709
409B,30,26.28,25,100,0.0036987,73.974
409B,30,26.28,30,0.01,0.29451,0.054737
409B,30,26.28,30,0.0147,2.43E-06,0.048542
409B,30,26.28,30,0.0215,0.0066609,0.028382
409B,30,26.28,30,0.0316,0.022124,0.019702
409B,30,26.28,30,0.0464,0.0065583,0.068481
409B,30,26.28,30,0.0681,0.043178,0.070316
409B,30,26.28,30,0.1,0.034438,0.10601
409B,30,26.28,30,0.147,0.027342,0.19197
409B,30,26.28,30,0.215,0.056822,0.24926
409B,30,26.28,30,0.316,0.030688,0.34677
409B,30,26.28,30,0.464,0.038845,0.50576
409B,30,26.28,30,0.681,0.022278,0.74724
409B,30,26.28,30,1,0.056351,1.0883
409B,30,26.28,30,1.47,0.069278,1.5509
409B,30,26.28,30,2.15,0.11252,2.2953
409B,30,26.28,30,3.16,0.18398,3.3383
409B,30,26.28,30,4.64,0.26327,4.858
409B,30,26.28,30,6.81,0.54194,7.2126
409B,30,26.28,30,10,0.97117,10.504
409B,30,26.28,30,14.7,1.9611,15.58
409B,30,26.28,30,21.5,3.9597,23.177
409B,30,26.28,30,31.6,7.0968,31.421
409B,30,26.28,30,46.4,13.924,44.462
409B,30,26.28,30,68.1,27.81,60.698
409B,30,26.28,30,100,50.423,80.115
409B,30,26.28,35,0.01,0.12285,0.064216
409B,30,26.28,35,0.0147,0.014224,0.0063127
409B,30,26.28,35,0.0215,2.28E-06,0.04559
409B,30,26.28,35,0.0316,2.21E-06,0.044123
409B,30,26.28,35,0.0464,2.94E-06,0.05871
409B,30,26.28,35,0.0681,4.72E-06,0.094326
409B,30,26.28,35,0.1,5.05E-06,0.10102
409B,30,26.28,35,0.147,0.00062441,0.15655
409B,30,26.28,35,0.215,1.04E-05,0.20873
409B,30,26.28,35,0.316,1.56E-05,0.31171
409B,30,26.28,35,0.464,2.40E-05,0.48022
409B,30,26.28,35,0.681,3.42E-05,0.68386
409B,30,26.28,35,1,0.0045766,0.98092
409B,30,26.28,35,1.47,0.039997,1.4431
409B,30,26.28,35,2.15,0.08758,2.1341
409B,30,26.28,35,3.16,0.16064,3.0763
409B,30,26.28,35,4.64,0.28478,4.5074
409B,30,26.28,35,6.81,0.49329,6.6222
409B,30,26.28,35,10,1.0009,9.6907
409B,30,26.28,35,14.7,2.0384,14.337
409B,30,26.28,35,21.5,4.0744,21.424
409B,30,26.28,35,31.6,7.2308,28.868
409B,30,26.28,35,46.4,14.32,40.878
409B,30,26.28,35,68.1,28.62,56.828
409B,30,26.28,35,100,54.411,73.626
409C,30,30.75,15,0.01,0.3885,0.50062
409C,30,30.75,15,0.0147,0.033498,0.72923
409C,30,30.75,15,0.0215,0.092053,1.0141
409C,30,30.75,15,0.0316,0.11254,1.4544
409C,30,30.75,15,0.0464,0.16051,2.2286
409C,30,30.75,15,0.0681,0.20336,3.1448
409C,30,30.75,15,0.1,0.2293,4.6192
409C,30,30.75,15,0.147,0.36924,6.6933
409C,30,30.75,15,0.215,0.56987,9.7912
409C,30,30.75,15,0.316,1.0714,14.193
409C,30,30.75,15,0.464,2.0374,20.641
409C,30,30.75,15,0.681,3.9029,29.894
409C,30,30.75,15,1,7.6115,42.818
409C,30,30.75,15,1.47,14.769,60.372
409C,30,30.75,15,2.15,27.681,82.686
409C,30,30.75,15,3.16,49.115,108.31
409C,30,30.75,15,4.64,80.673,134.42
409C,30,30.75,15,6.81,121.99,157.06
409C,30,30.75,15,10,170.12,173.16
409C,30,30.75,15,14.7,221.34,182.06
409C,30,30.75,15,21.5,272.08,184.97
409C,30,30.75,15,31.6,318.16,180.41
409C,30,30.75,15,46.4,358.06,173.97
409C,30,30.75,15,68.1,387.26,164.29
409C,30,30.75,15,100,392.74,151.79
409C,30,30.75,20,0.01,0.075252,0.66597
409C,30,30.75,20,0.0147,0.18536,0.7184
409C,30,30.75,20,0.0215,0.05918,1.1488
409C,30,30.75,20,0.0316,0.0784,1.6752
409C,30,30.75,20,0.0464,0.12294,2.439
409C,30,30.75,20,0.0681,0.16234,3.5679
409C,30,30.75,20,0.1,0.24299,5.1823
409C,30,30.75,20,0.147,0.4055,7.5399
409C,30,30.75,20,0.215,0.70615,10.947
409C,30,30.75,20,0.316,1.2849,15.997
409C,30,30.75,20,0.464,2.4424,23.258
409C,30,30.75,20,0.681,4.7347,33.507
409C,30,30.75,20,1,9.2765,47.76
409C,30,30.75,20,1.47,17.84,66.801
409C,30,30.75,20,2.15,33.079,90.304
409C,30,30.75,20,3.16,57.371,116.67
409C,30,30.75,20,4.64,91.944,142.24
409C,30,30.75,20,6.81,135.67,163.4
409C,30,30.75,20,10,185.16,177.72
409C,30,30.75,20,14.7,236.52,184.86
409C,30,30.75,20,21.5,286.03,186.3
409C,30,30.75,20,31.6,328.76,180.56
409C,30,30.75,20,46.4,362.78,173.17
409C,30,30.75,20,68.1,378.13,163.2
409C,30,30.75,20,100,357,150.32
409C,30,30.75,25,0.01,0.036444,0.5852
409C,30,30.75,25,0.0147,0.0056643,0.88889
409C,30,30.75,25,0.0215,0.078102,1.233
409C,30,30.75,25,0.0316,0.074476,1.8195
409C,30,30.75,25,0.0464,0.11092,2.6136
409C,30,30.75,25,0.0681,0.17549,3.8075
409C,30,30.75,25,0.1,0.28974,5.5443
409C,30,30.75,25,0.147,0.42104,8.0264
409C,30,30.75,25,0.215,0.75511,11.714
409C,30,30.75,25,0.316,1.4377,16.972
409C,30,30.75,25,0.464,2.7212,24.586
409C,30,30.75,25,0.681,5.2865,35.417
409C,30,30.75,25,1,10.328,50.293
409C,30,30.75,25,1.47,19.686,69.962
409C,30,30.75,25,2.15,36.077,94.087
409C,30,30.75,25,3.16,61.738,120.64
409C,30,30.75,25,4.64,97.69,145.8
409C,30,30.75,25,6.81,142.55,166.3
409C,30,30.75,25,10,192.73,179.86
409C,30,30.75,25,14.7,244.55,186.23
409C,30,30.75,25,21.5,294.8,186.69
409C,30,30.75,25,31.6,338.05,181.49
409C,30,30.75,25,46.4,372.57,173.39
409C,30,30.75,25,68.1,390.45,163.04
409C,30,30.75,25,100,374.89,148.47
409C,30,30.75,30,0.01,0.050783,0.60115
409C,30,30.75,30,0.0147,0.040814,0.86453
409C,30,30.75,30,0.0215,0.072667,1.2229
409C,30,30.75,30,0.0316,0.079505,1.7767
409C,30,30.75,30,0.0464,0.10211,2.5593
409C,30,30.75,30,0.0681,0.16323,3.6822
409C,30,30.75,30,0.1,0.27755,5.3409
409C,30,30.75,30,0.147,0.46309,7.7081
409C,30,30.75,30,0.215,0.78785,11.127
409C,30,30.75,30,0.316,1.414,16.161
409C,30,30.75,30,0.464,2.5692,23.349
409C,30,30.75,30,0.681,4.978,33.493
409C,30,30.75,30,1,9.6285,47.562
409C,30,30.75,30,1.47,18.239,66.302
409C,30,30.75,30,2.15,33.309,89.48
409C,30,30.75,30,3.16,57.246,115.49
409C,30,30.75,30,4.64,91.308,140.7
409C,30,30.75,30,6.81,134.5,161.89
409C,30,30.75,30,10,183.86,176.44
409C,30,30.75,30,14.7,235.79,183.88
409C,30,30.75,30,21.5,287.19,185.55
409C,30,30.75,30,31.6,334.2,179.96
409C,30,30.75,30,46.4,376.48,172.47
409C,30,30.75,30,68.1,410.94,161.56
409C,30,30.75,30,100,428.39,148.43
409C,30,30.75,35,0.01,0.044572,0.55711
409C,30,30.75,35,0.0147,0.026884,0.75217
409C,30,30.75,35,0.0215,0.036506,1.0386
409C,30,30.75,35,0.0316,0.088488,1.4178
409C,30,30.75,35,0.0464,0.11591,2.0667
409C,30,30.75,35,0.0681,0.1333,2.9769
409C,30,30.75,35,0.1,0.2243,4.2631
409C,30,30.75,35,0.147,0.35569,6.1095
409C,30,30.75,35,0.215,0.58121,8.764
409C,30,30.75,35,0.316,0.98843,12.655
409C,30,30.75,35,0.464,1.8266,18.193
409C,30,30.75,35,0.681,3.4603,26.228
409C,30,30.75,35,1,6.6135,37.411
409C,30,30.75,35,1.47,12.632,52.55
409C,30,30.75,35,2.15,23.366,71.913
409C,30,30.75,35,3.16,41.05,94.68
409C,30,30.75,35,4.64,67.476,118.83
409C,30,30.75,35,6.81,102.92,141.35
409C,30,30.75,35,10,146.07,159.21
409C,30,30.75,35,14.7,194,171.02
409C,30,30.75,35,21.5,243.5,176.77
409C,30,30.75,35,31.6,290.62,174.52
409C,30,30.75,35,46.4,335.2,169.09
409C,30,30.75,35,68.1,374,160.44
409C,30,30.75,35,100,401.21,148.2
410A,50,30.43,15,0.01,0.13558,0.065388
410A,50,30.43,15,0.0147,0.14259,0.03853
410A,50,30.43,15,0.0215,0.13379,0.085016
410A,50,30.43,15,0.0316,0.13323,0.14428
410A,50,30.43,15,0.0464,0.13276,0.21118
410A,50,30.43,15,0.0681,0.15226,0.29747
410A,50,30.43,15,0.1,0.1299,0.42428
410A,50,30.43,15,0.147,0.13324,0.62947
410A,50,30.43,15,0.215,0.16586,0.93573
410A,50,30.43,15,0.316,0.18584,1.3532
410A,50,30.43,15,0.464,0.22036,1.952
410A,50,30.43,15,0.681,0.26151,2.8654
410A,50,30.43,15,1,0.41565,4.1948
410A,50,30.43,15,1.47,0.58099,6.0847
410A,50,30.43,15,2.15,0.96779,8.8004
410A,50,30.43,15,3.16,1.6513,12.659
410A,50,30.43,15,4.64,2.9026,18.133
410A,50,30.43,15,6.81,5.3951,25.578
410A,50,30.43,15,10,9.6981,35.56
410A,50,30.43,15,14.7,16.754,48.079
410A,50,30.43,15,21.5,26.645,61.38
410A,50,30.43,15,31.6,40.472,75.76
410A,50,30.43,15,46.4,55.499,89.038
410A,50,30.43,15,68.1,66.676,98.845
410A,50,30.43,15,100,60.332,103.38
410A,50,30.43,20,0.01,0.11473,0.018842
410A,50,30.43,20,0.0147,0.1352,0.066538
410A,50,30.43,20,0.0215,0.12616,0.1183
410A,50,30.43,20,0.0316,0.13452,0.15733
410A,50,30.43,20,0.0464,0.11426,0.22345
410A,50,30.43,20,0.0681,0.10676,0.36093
410A,50,30.43,20,0.1,0.12376,0.50905
410A,50,30.43,20,0.147,0.14111,0.7716
410A,50,30.43,20,0.215,0.18823,1.0694
410A,50,30.43,20,0.316,0.21582,1.5599
410A,50,30.43,20,0.464,0.24173,2.2143
410A,50,30.43,20,0.681,0.36797,3.2209
410A,50,30.43,20,1,0.47597,4.6133
410A,50,30.43,20,1.47,0.79752,6.676
410A,50,30.43,20,2.15,1.322,9.5224
410A,50,30.43,20,3.16,2.231,13.641
410A,50,30.43,20,4.64,3.6167,19.376
410A,50,30.43,20,6.81,6.284,27.139
410A,50,30.43,20,10,11.018,37.521
410A,50,30.43,20,14.7,18.798,50.398
410A,50,30.43,20,21.5,29.897,64.152
410A,50,30.43,20,31.6,44.842,78.948
410A,50,30.43,20,46.4,62.002,92.997
410A,50,30.43,20,68.1,77.291,104.57
410A,50,30.43,20,100,78.713,113.47
410A,50,30.43,25,0.01,0.12266,0.059021
410A,50,30.43,25,0.0147,0.31149,0.18344
410A,50,30.43,25,0.0215,0.17756,0.18849
410A,50,30.43,25,0.0316,0.20841,0.24412
410A,50,30.43,25,0.0464,0.26613,0.32786
410A,50,30.43,25,0.0681,0.2746,0.43323
410A,50,30.43,25,0.1,0.28858,0.62304
410A,50,30.43,25,0.147,0.31849,0.88793
410A,50,30.43,25,0.215,0.36043,1.2498
410A,50,30.43,25,0.316,0.44261,1.7911
410A,50,30.43,25,0.464,0.51211,2.5062
410A,50,30.43,25,0.681,0.66146,3.5824
410A,50,30.43,25,1,0.85618,5.0312
410A,50,30.43,25,1.47,1.1627,7.1995
410A,50,30.43,25,2.15,1.7298,10.226
410A,50,30.43,25,3.16,2.6467,14.383
410A,50,30.43,25,4.64,4.3186,20.365
410A,50,30.43,25,6.81,7.2339,28.349
410A,50,30.43,25,10,12.313,39.024
410A,50,30.43,25,14.7,20.235,52.065
410A,50,30.43,25,21.5,31.293,66.075
410A,50,30.43,25,31.6,45.875,80.525
410A,50,30.43,25,46.4,62.061,95.17
410A,50,30.43,25,68.1,74.72,102.33
410A,50,30.43,25,100,67.894,108.94
410A,50,30.43,30,0.01,0.15187,0.12652
410A,50,30.43,30,0.0147,0.13337,0.13755
410A,50,30.43,30,0.0215,0.16019,0.16921
410A,50,30.43,30,0.0316,0.1953,0.20276
410A,50,30.43,30,0.0464,0.14953,0.3472
410A,50,30.43,30,0.0681,0.23381,0.50934
410A,50,30.43,30,0.1,0.26147,0.69446
410A,50,30.43,30,0.147,0.26605,0.96989
410A,50,30.43,30,0.215,0.32874,1.3631
410A,50,30.43,30,0.316,0.38251,1.9133
410A,50,30.43,30,0.464,0.49268,2.6498
410A,50,30.43,30,0.681,0.62072,3.7633
410A,50,30.43,30,1,0.88333,5.2925
410A,50,30.43,30,1.47,1.2238,7.502
410A,50,30.43,30,2.15,1.8236,10.573
410A,50,30.43,30,3.16,2.8845,14.978
410A,50,30.43,30,4.64,4.5711,20.923
410A,50,30.43,30,6.81,7.6768,29.052
410A,50,30.43,30,10,12.757,39.633
410A,50,30.43,30,14.7,20.75,52.756
410A,50,30.43,30,21.5,31.639,66.416
410A,50,30.43,30,31.6,45.974,80.944
410A,50,30.43,30,46.4,60.873,94.065
410A,50,30.43,30,68.1,69.469,103.73
410A,50,30.43,30,100,59.405,104.95
410A,50,30.43,35,0.01,0.50986,0.11943
410A,50,30.43,35,0.0147,1.82E-05,0.36411
410A,50,30.43,35,0.0215,0.079205,0.081203
410A,50,30.43,35,0.0316,0.11562,0.24591
410A,50,30.43,35,0.0464,0.12088,0.39375
410A,50,30.43,35,0.0681,0.19416,0.54384
410A,50,30.43,35,0.1,0.20568,0.74596
410A,50,30.43,35,0.147,0.26443,1.0313
410A,50,30.43,35,0.215,0.31209,1.4397
410A,50,30.43,35,0.316,0.3919,1.9464
410A,50,30.43,35,0.464,0.51474,2.6839
410A,50,30.43,35,0.681,0.69133,3.7907
410A,50,30.43,35,1,0.91886,5.2709
410A,50,30.43,35,1.47,1.3405,7.4107
410A,50,30.43,35,2.15,1.9513,10.483
410A,50,30.43,35,3.16,2.993,14.752
410A,50,30.43,35,4.64,4.8544,20.437
410A,50,30.43,35,6.81,7.7994,28.184
410A,50,30.43,35,10,12.673,38.339
410A,50,30.43,35,14.7,20.396,50.89
410A,50,30.43,35,21.5,30.528,64.033
410A,50,30.43,35,31.6,43.887,78.075
410A,50,30.43,35,46.4,57.071,90.876
410A,50,30.43,35,68.1,64.115,100.45
410A,50,30.43,35,100,49.464,99.993
410B,50,27.51,15,0.01,0.089939,0.0010698
410B,50,27.51,15,0.0147,0.14355,0.087274
410B,50,27.51,15,0.0215,0.036294,0.13037
410B,50,27.51,15,0.0316,1.69E-06,0.033795
410B,50,27.51,15,0.0464,0.074279,0.090571
410B,50,27.51,15,0.0681,3.49E-06,0.06983
410B,50,27.51,15,0.1,0.022752,0.12621
410B,50,27.51,15,0.147,0.0067873,0.20015
410B,50,27.51,15,0.215,0.040096,0.29291
410B,50,27.51,15,0.316,0.029446,0.40831
410B,50,27.51,15,0.464,0.059834,0.58113
410B,50,27.51,15,0.681,0.053207,0.89025
410B,50,27.51,15,1,0.015718,1.3127
410B,50,27.51,15,1.47,0.078873,1.9025
410B,50,27.51,15,2.15,0.13382,2.7885
410B,50,27.51,15,3.16,0.30731,4.1567
410B,50,27.51,15,4.64,0.53519,5.9576
410B,50,27.51,15,6.81,1.0695,8.6179
410B,50,27.51,15,10,2.1118,12.388
410B,50,27.51,15,14.7,4.0707,17.65
410B,50,27.51,15,21.5,7.5389,24.733
410B,50,27.51,15,31.6,12.153,31.295
410B,50,27.51,15,46.4,19.983,39.777
410B,50,27.51,15,68.1,30.27,48.668
410B,50,27.51,15,100,42.112,54.529
410B,50,27.51,20,0.01,0.018075,0.013476
410B,50,27.51,20,0.0147,0.015648,0.0026791
410B,50,27.51,20,0.0215,0.028323,0.040306
410B,50,27.51,20,0.0316,0.034348,0.057176
410B,50,27.51,20,0.0464,0.0615,0.083687
410B,50,27.51,20,0.0681,0.020439,0.089881
410B,50,27.51,20,0.1,0.037878,0.12082
410B,50,27.51,20,0.147,0.036737,0.19551
410B,50,27.51,20,0.215,0.0053903,0.30261
410B,50,27.51,20,0.316,0.031815,0.41872
410B,50,27.51,20,0.464,0.03877,0.64351
410B,50,27.51,20,0.681,0.028829,0.95796
410B,50,27.51,20,1,0.036508,1.4242
410B,50,27.51,20,1.47,0.086426,2.0833
410B,50,27.51,20,2.15,0.10362,3.0298
410B,50,27.51,20,3.16,0.2119,4.4622
410B,50,27.51,20,4.64,0.47019,6.4665
410B,50,27.51,20,6.81,0.91973,9.3913
410B,50,27.51,20,10,1.789,13.435
410B,50,27.51,20,14.7,3.233,19.05
410B,50,27.51,20,21.5,5.3413,26.434
410B,50,27.51,20,31.6,7.0315,33.323
410B,50,27.51,20,46.4,7.71,42.161
410B,50,27.51,20,68.1,1.8821,51.236
410B,50,27.51,20,100,0.0029037,58.074
410B,50,27.51,25,0.01,0.093211,0.0014734
410B,50,27.51,25,0.0147,0.034291,0.0035201
410B,50,27.51,25,0.0215,0.043612,0.0603
410B,50,27.51,25,0.0316,0.018522,0.074198
410B,50,27.51,25,0.0464,0.055072,0.069991
410B,50,27.51,25,0.0681,0.016436,0.10695
410B,50,27.51,25,0.1,0.042393,0.16112
410B,50,27.51,25,0.147,0.046194,0.24033
410B,50,27.51,25,0.215,0.022885,0.35403
410B,50,27.51,25,0.316,0.026756,0.50603
410B,50,27.51,25,0.464,0.061879,0.75973
410B,50,27.51,25,0.681,0.047668,1.1186
410B,50,27.51,25,1,0.1255,1.6059
410B,50,27.51,25,1.47,0.12382,2.3077
410B,50,27.51,25,2.15,0.20273,3.4274
410B,50,27.51,25,3.16,0.41719,5.035
410B,50,27.51,25,4.64,0.81377,7.3347
410B,50,27.51,25,6.81,1.6119,10.51
410B,50,27.51,25,10,3.2106,14.991
410B,50,27.51,25,14.7,5.8584,21.042
410B,50,27.51,25,21.5,10.479,28.862
410B,50,27.51,25,31.6,17.113,36.31
410B,50,27.51,25,46.4,27.132,45.738
410B,50,27.51,25,68.1,41.827,55.676
410B,50,27.51,25,100,60.803,63.076
410B,50,27.51,30,0.01,1.65E-06,0.032952
410B,50,27.51,30,0.0147,1.31E-06,0.026133
410B,50,27.51,30,0.0215,2.53E-06,0.050526
410B,50,27.51,30,0.0316,4.62E-06,0.092491
410B,50,27.51,30,0.0464,0.0081329,0.1032
410B,50,27.51,30,0.0681,0.0036923,0.132
410B,50,27.51,30,0.1,1.03E-05,0.20568
410B,50,27.51,30,0.147,0.0054409,0.26287
410B,50,27.51,30,0.215,2.09E-05,0.41854
410B,50,27.51,30,0.316,3.16E-05,0.63198
410B,50,27.51,30,0.464,0.015323,0.89422
410B,50,27.51,30,0.681,0.026437,1.308
410B,50,27.51,30,1,0.04365,1.8989
410B,50,27.51,30,1.47,0.12749,2.7666
410B,50,27.51,30,2.15,0.20664,4.0621
410B,50,27.51,30,3.16,0.49773,5.9684
410B,50,27.51,30,4.64,0.96855,8.4785
410B,50,27.51,30,6.81,1.9985,12.222
410B,50,27.51,30,10,3.7858,17.195
410B,50,27.51,30,14.7,6.4677,23.791
410B,50,27.51,30,21.5,10.897,32.242
410B,50,27.51,30,31.6,15.72,40.374
410B,50,27.51,30,46.4,23.181,50.187
410B,50,27.51,30,68.1,28.658,58.613
410B,50,27.51,30,100,28.448,63.766
410B,50,27.51,35,0.01,0.73677,0.5352
410B,50,27.51,35,0.0147,0.22261,0.24182
410B,50,27.51,35,0.0215,1.08E-05,0.21622
410B,50,27.51,35,0.0316,8.10E-06,0.16191
410B,50,27.51,35,0.0464,0.0029325,0.1076
410B,50,27.51,35,0.0681,7.58E-06,0.15151
410B,50,27.51,35,0.1,1.15E-05,0.23031
410B,50,27.51,35,0.147,1.69E-05,0.33736
410B,50,27.51,35,0.215,2.46E-05,0.49141
410B,50,27.51,35,0.316,3.70E-05,0.73925
410B,50,27.51,35,0.464,0.037081,1.0826
410B,50,27.51,35,0.681,0.043773,1.5697
410B,50,27.51,35,1,0.064956,2.3092
410B,50,27.51,35,1.47,0.18735,3.3649
410B,50,27.51,35,2.15,0.43919,4.8291
410B,50,27.51,35,3.16,0.77161,7.0365
410B,50,27.51,35,4.64,1.5779,10.043
410B,50,27.51,35,6.81,2.8569,14.204
410B,50,27.51,35,10,4.9956,19.745
410B,50,27.51,35,14.7,8.6246,26.869
410B,50,27.51,35,21.5,13.898,35.995
410B,50,27.51,35,31.6,20.372,44.78
410B,50,27.51,35,46.4,29.446,54.768
410B,50,27.51,35,68.1,39.645,64.777
410B,50,27.51,35,100,43.76,70.912
410C,50,33.54,15,0.01,11.261,31.388
410C,50,33.54,15,0.0147,19.99,41.631
410C,50,33.54,15,0.0215,31.126,52.006
410C,50,33.54,15,0.0316,45.793,62.18
410C,50,33.54,15,0.0464,63.967,71.353
410C,50,33.54,15,0.0681,84.753,78.506
410C,50,33.54,15,0.1,107.61,83.588
410C,50,33.54,15,0.147,131.22,85.962
410C,50,33.54,15,0.215,154.8,86.021
410C,50,33.54,15,0.316,177.55,84.188
410C,50,33.54,15,0.464,199.06,80.896
410C,50,33.54,15,0.681,219.59,76.924
410C,50,33.54,15,1,238.32,72.557
410C,50,33.54,15,1.47,255.05,68.036
410C,50,33.54,15,2.15,270.38,63.898
410C,50,33.54,15,3.16,284.45,60.442
410C,50,33.54,15,4.64,297.55,57.693
410C,50,33.54,15,6.81,310,55.993
410C,50,33.54,15,10,322,55.212
410C,50,33.54,15,14.7,333.71,55.718
410C,50,33.54,15,21.5,345.26,57.707
410C,50,33.54,15,31.6,355.58,59.063
410C,50,33.54,15,46.4,365.47,62.107
410C,50,33.54,15,68.1,372.4,65.234
410C,50,33.54,15,100,366.93,67.02
410C,50,33.54,20,0.01,20.875,43.351
410C,50,33.54,20,0.0147,33.3,54.651
410C,50,33.54,20,0.0215,49.051,64.937
410C,50,33.54,20,0.0316,67.884,74.287
410C,50,33.54,20,0.0464,89.674,81.679
410C,50,33.54,20,0.0681,113.02,86.459
410C,50,33.54,20,0.1,137.42,88.632
410C,50,33.54,20,0.147,161.99,88.692
410C,50,33.54,20,0.215,185.38,86.553
410C,50,33.54,20,0.316,207.43,82.997
410C,50,33.54,20,0.464,227.9,78.516
410C,50,33.54,20,0.681,246.61,73.585
410C,50,33.54,20,1,263.64,68.692
410C,50,33.54,20,1.47,279.2,64.06
410C,50,33.54,20,2.15,293.43,59.984
410C,50,33.54,20,3.16,306.52,56.599
410C,50,33.54,20,4.64,318.73,54.027
410C,50,33.54,20,6.81,330.35,52.358
410C,50,33.54,20,10,341.62,51.715
410C,50,33.54,20,14.7,352.81,52.215
410C,50,33.54,20,21.5,364.26,53.996
410C,50,33.54,20,31.6,374.93,55.283
410C,50,33.54,20,46.4,386.74,58.043
410C,50,33.54,20,68.1,397.64,61.581
410C,50,33.54,20,100,405.25,61.639
410C,50,33.54,25,0.01,31.643,54.154
410C,50,33.54,25,0.0147,47.81,65.433
410C,50,33.54,25,0.0215,66.896,74.906
410C,50,33.54,25,0.0316,88.545,82.809
410C,50,33.54,25,0.0464,112.35,88.007
410C,50,33.54,25,0.0681,136.98,90.653
410C,50,33.54,25,0.1,161.64,90.764
410C,50,33.54,25,0.147,186.11,88.973
410C,50,33.54,25,0.215,208.84,85.301
410C,50,33.54,25,0.316,230.01,80.702
410C,50,33.54,25,0.464,249.13,75.549
410C,50,33.54,25,0.681,266.8,70.264
410C,50,33.54,25,1,282.71,65.12
410C,50,33.54,25,1.47,297.08,60.331
410C,50,33.54,25,2.15,310.34,56.369
410C,50,33.54,25,3.16,322.57,52.992
410C,50,33.54,25,4.64,333.87,50.488
410C,50,33.54,25,6.81,344.67,48.72
410C,50,33.54,25,10,355.19,48.043
410C,50,33.54,25,14.7,365.51,48.398
410C,50,33.54,25,21.5,376.01,50.115
410C,50,33.54,25,31.6,385.8,51.125
410C,50,33.54,25,46.4,396.38,53.622
410C,50,33.54,25,68.1,406.43,55.563
410C,50,33.54,25,100,411.33,56.666
410C,50,33.54,30,0.01,40.086,62.791
410C,50,33.54,30,0.0147,58.797,72.034
410C,50,33.54,30,0.0215,78.715,80.467
410C,50,33.54,30,0.0316,100.79,86.747
410C,50,33.54,30,0.0464,124.6,90.459
410C,50,33.54,30,0.0681,149.33,91.689
410C,50,33.54,30,0.1,173.69,90.737
410C,50,33.54,30,0.147,196.76,87.53
410C,50,33.54,30,0.215,218.37,83.444
410C,50,33.54,30,0.316,239.22,78.435
410C,50,33.54,30,0.464,257.48,73.119
410C,50,33.54,30,0.681,274.07,67.487
410C,50,33.54,30,1,289.05,62.176
410C,50,33.54,30,1.47,302.68,57.326
410C,50,33.54,30,2.15,315.1,53.219
410C,50,33.54,30,3.16,326.48,49.797
410C,50,33.54,30,4.64,336.99,47.139
410C,50,33.54,30,6.81,347.03,45.365
410C,50,33.54,30,10,356.65,44.391
410C,50,33.54,30,14.7,366.11,44.429
410C,50,33.54,30,21.5,375.39,45.754
410C,50,33.54,30,31.6,383.64,46.281
410C,50,33.54,30,46.4,391.92,48.237
410C,50,33.54,30,68.1,398.84,50.47
410C,50,33.54,30,100,397.47,48.68
410C,50,33.54,35,0.01,43.053,62.836
410C,50,33.54,35,0.0147,56.889,70.376
410C,50,33.54,35,0.0215,73.25,76.945
410C,50,33.54,35,0.0316,91.758,82.595
410C,50,33.54,35,0.0464,112.7,86.525
410C,50,33.54,35,0.0681,134.46,88.5
410C,50,33.54,35,0.1,156.8,88.513
410C,50,33.54,35,0.147,179.01,86.773
410C,50,33.54,35,0.215,199.74,83.055
410C,50,33.54,35,0.316,220.05,78.531
410C,50,33.54,35,0.464,238.53,73.946
410C,50,33.54,35,0.681,255.16,68.719
410C,50,33.54,35,1,270.75,62.987
410C,50,33.54,35,1.47,284.55,57.951
410C,50,33.54,35,2.15,297.22,53.419
410C,50,33.54,35,3.16,308.59,49.512
410C,50,33.54,35,4.64,319.01,46.372
410C,50,33.54,35,6.81,328.91,43.872
410C,50,33.54,35,10,338.1,42.366
410C,50,33.54,35,14.7,347.02,41.769
410C,50,33.54,35,21.5,355.69,42.335
410C,50,33.54,35,31.6,363.22,42.066
410C,50,33.54,35,46.4,370.76,43.094
410C,50,33.54,35,68.1,376.42,43.023
410C,50,33.54,35,100,376.52,40.257
414A,75,21.69,15,0.01,0.10231,0.19894
414A,75,21.69,15,0.0147,0.33806,0.56516
414A,75,21.69,15,0.0215,0.53451,0.888
414A,75,21.69,15,0.0316,0.74288,1.1864
414A,75,21.69,15,0.0464,0.98575,1.4631
414A,75,21.69,15,0.0681,1.2313,1.6832
414A,75,21.69,15,0.1,1.4106,2.0107
414A,75,21.69,15,0.147,1.7466,2.2132
414A,75,21.69,15,0.215,2.0033,2.5554
414A,75,21.69,15,0.316,2.3525,2.9003
414A,75,21.69,15,0.464,2.7504,3.37
414A,75,21.69,15,0.681,3.1803,3.9481
414A,75,21.69,15,1,3.7728,4.6968
414A,75,21.69,15,1.47,4.5093,5.5785
414A,75,21.69,15,2.15,5.4128,6.6632
414A,75,21.69,15,3.16,6.5911,8.0774
414A,75,21.69,15,4.64,7.9553,10.043
414A,75,21.69,15,6.81,9.6289,12.089
414A,75,21.69,15,10,11.735,14.87
414A,75,21.69,15,14.7,14.434,18.417
414A,75,21.69,15,21.5,18.134,23.613
414A,75,21.69,15,31.6,21.724,27.336
414A,75,21.69,15,46.4,26.808,33.248
414A,75,21.69,15,68.1,32.65,39.748
414A,75,21.69,15,100,36.425,44.316
414A,75,21.69,20,0.01,0.43921,0.96194
414A,75,21.69,20,0.0147,0.94012,1.6061
414A,75,21.69,20,0.0215,1.2639,1.9844
414A,75,21.69,20,0.0316,1.5758,2.3127
414A,75,21.69,20,0.0464,1.8373,2.5514
414A,75,21.69,20,0.0681,2.1357,2.8268
414A,75,21.69,20,0.1,2.5066,3.2087
414A,75,21.69,20,0.147,2.8574,3.6184
414A,75,21.69,20,0.215,3.2441,4.1545
414A,75,21.69,20,0.316,3.7586,4.7335
414A,75,21.69,20,0.464,4.3229,5.4829
414A,75,21.69,20,0.681,5.0632,6.385
414A,75,21.69,20,1,5.9374,7.5176
414A,75,21.69,20,1.47,7.0753,8.9706
414A,75,21.69,20,2.15,8.4397,10.642
414A,75,21.69,20,3.16,10.257,12.852
414A,75,21.69,20,4.64,12.341,15.405
414A,75,21.69,20,6.81,15.034,18.635
414A,75,21.69,20,10,18.264,22.645
414A,75,21.69,20,14.7,22.17,27.523
414A,75,21.69,20,21.5,26.815,34.057
414A,75,21.69,20,31.6,30.797,39.696
414A,75,21.69,20,46.4,34.661,47.929
414A,75,21.69,20,68.1,35.216,57.42
414A,75,21.69,20,100,23.604,68.567
414A,75,21.69,25,0.01,1.1462,2.171
414A,75,21.69,25,0.0147,1.8942,3.1102
414A,75,21.69,25,0.0215,2.4321,3.5494
414A,75,21.69,25,0.0316,2.8499,4.054
414A,75,21.69,25,0.0464,3.1975,4.4092
414A,75,21.69,25,0.0681,3.7148,4.9273
414A,75,21.69,25,0.1,4.0824,5.505
414A,75,21.69,25,0.147,4.5263,6.1401
414A,75,21.69,25,0.215,5.2063,7.0282
414A,75,21.69,25,0.316,6.0862,8.0745
414A,75,21.69,25,0.464,7.0398,9.3732
414A,75,21.69,25,0.681,8.3226,11.001
414A,75,21.69,25,1,9.8263,12.869
414A,75,21.69,25,1.47,11.747,15.264
414A,75,21.69,25,2.15,14.129,18.1
414A,75,21.69,25,3.16,17.151,21.458
414A,75,21.69,25,4.64,21.033,25.536
414A,75,21.69,25,6.81,25.788,30.293
414A,75,21.69,25,10,31.713,36.084
414A,75,21.69,25,14.7,39.2,42.868
414A,75,21.69,25,21.5,48.423,51.234
414A,75,21.69,25,31.6,58.685,58.393
414A,75,21.69,25,46.4,72.732,67.477
414A,75,21.69,25,68.1,89.851,77.003
414A,75,21.69,25,100,108.63,82.9
414A,75,21.69,30,0.01,2.234,4.6816
414A,75,21.69,30,0.0147,3.5221,6.0005
414A,75,21.69,30,0.0215,4.6042,7.1521
414A,75,21.69,30,0.0316,5.5625,8.1161
414A,75,21.69,30,0.0464,6.4492,9.0193
414A,75,21.69,30,0.0681,7.3985,9.9973
414A,75,21.69,30,0.1,8.4553,11.052
414A,75,21.69,30,0.147,9.5937,12.267
414A,75,21.69,30,0.215,11.007,13.806
414A,75,21.69,30,0.316,12.523,15.515
414A,75,21.69,30,0.464,14.473,17.619
414A,75,21.69,30,0.681,16.741,20.061
414A,75,21.69,30,1,19.597,23.039
414A,75,21.69,30,1.47,23.081,26.563
414A,75,21.69,30,2.15,27.346,30.711
414A,75,21.69,30,3.16,32.648,35.556
414A,75,21.69,30,4.64,39.001,41.122
414A,75,21.69,30,6.81,46.716,47.456
414A,75,21.69,30,10,55.792,54.598
414A,75,21.69,30,14.7,66.241,62.54
414A,75,21.69,30,21.5,77.467,71.618
414A,75,21.69,30,31.6,87.042,79.049
414A,75,21.69,30,46.4,93.158,87.808
414A,75,21.69,30,68.1,87.656,95.731
414A,75,21.69,30,100,52.098,98.818
414A,75,21.69,35,0.01,3.7515,8.1737
414A,75,21.69,35,0.0147,5.6131,11.08
414A,75,21.69,35,0.0215,8.0914,14.028
414A,75,21.69,35,0.0316,11.383,16.711
414A,75,21.69,35,0.0464,13.515,19.146
414A,75,21.69,35,0.0681,16.255,21.173
414A,75,21.69,35,0.1,19.202,23.098
414A,75,21.69,35,0.147,21.643,25.362
414A,75,21.69,35,0.215,24.64,27.767
414A,75,21.69,35,0.316,28.117,30.48
414A,75,21.69,35,0.464,31.961,33.602
414A,75,21.69,35,0.681,36.49,37.251
414A,75,21.69,35,1,41.915,41.454
414A,75,21.69,35,1.47,48.334,46.222
414A,75,21.69,35,2.15,56.02,51.684
414A,75,21.69,35,3.16,65.305,57.636
414A,75,21.69,35,4.64,76.311,64.236
414A,75,21.69,35,6.81,89.062,71.23
414A,75,21.69,35,10,104.08,78.325
414A,75,21.69,35,14.7,121.03,85.608
414A,75,21.69,35,21.5,139.61,93.391
414A,75,21.69,35,31.6,158.21,98.798
414A,75,21.69,35,46.4,177.41,104.98
414A,75,21.69,35,68.1,193.71,110.39
414A,75,21.69,35,100,200.98,109.75
414B,75,25.64,15,0.01,20.03,24.832
414B,75,25.64,15,0.0147,35.994,28.18
414B,75,25.64,15,0.0215,44.489,28.384
414B,75,25.64,15,0.0316,50.419,28.649
414B,75,25.64,15,0.0464,56.104,29.009
414B,75,25.64,15,0.0681,61.7,29.717
414B,75,25.64,15,0.1,67.477,30.828
414B,75,25.64,15,0.147,73.58,31.799
414B,75,25.64,15,0.215,79.665,33.19
414B,75,25.64,15,0.316,86.548,34.91
414B,75,25.64,15,0.464,94.046,36.865
414B,75,25.64,15,0.681,101.92,39.116
414B,75,25.64,15,1,110.79,41.663
414B,75,25.64,15,1.47,120.45,44.711
414B,75,25.64,15,2.15,131.01,47.95
414B,75,25.64,15,3.16,142.26,51.529
414B,75,25.64,15,4.64,154.53,55.155
414B,75,25.64,15,6.81,167.89,59.223
414B,75,25.64,15,10,182.07,63.536
414B,75,25.64,15,14.7,197.25,68.196
414B,75,25.64,15,21.5,212.96,73.429
414B,75,25.64,15,31.6,227.39,76.43
414B,75,25.64,15,46.4,240.18,80.181
414B,75,25.64,15,68.1,245.81,82.048
414B,75,25.64,15,100,231.26,79.52
414B,75,25.64,20,0.01,37.825,32.827
414B,75,25.64,20,0.0147,44.26,33.653
414B,75,25.64,20,0.0215,50.04,36.615
414B,75,25.64,20,0.0316,61.353,37.266
414B,75,25.64,20,0.0464,68.54,39.077
414B,75,25.64,20,0.0681,78.564,38.535
414B,75,25.64,20,0.1,84.851,40.617
414B,75,25.64,20,0.147,92.936,41.912
414B,75,25.64,20,0.215,101.48,43.166
414B,75,25.64,20,0.316,110.56,44.545
414B,75,25.64,20,0.464,120.47,46.027
414B,75,25.64,20,0.681,131.14,47.914
414B,75,25.64,20,1,141.79,50.269
414B,75,25.64,20,1.47,153.18,52.845
414B,75,25.64,20,2.15,165.36,55.688
414B,75,25.64,20,3.16,178.43,58.756
414B,75,25.64,20,4.64,192.46,62.055
414B,75,25.64,20,6.81,207.32,65.558
414B,75,25.64,20,10,223.18,69.223
414B,75,25.64,20,14.7,240.27,73.205
414B,75,25.64,20,21.5,258.4,77.615
414B,75,25.64,20,31.6,276.62,79.827
414B,75,25.64,20,46.4,296.25,82.706
414B,75,25.64,20,68.1,315.53,84.228
414B,75,25.64,20,100,330.15,81.442
414B,75,25.64,25,0.01,38.256,38.712
414B,75,25.64,25,0.0147,48.51,45.431
414B,75,25.64,25,0.0215,62.957,48.99
414B,75,25.64,25,0.0316,79.839,51.299
414B,75,25.64,25,0.0464,90.723,52.164
414B,75,25.64,25,0.0681,105.24,51.917
414B,75,25.64,25,0.1,115.45,52.125
414B,75,25.64,25,0.147,125.94,52.132
414B,75,25.64,25,0.215,137.11,51.968
414B,75,25.64,25,0.316,147.84,52.428
414B,75,25.64,25,0.464,158.86,53.255
414B,75,25.64,25,0.681,170.27,54.284
414B,75,25.64,25,1,182.32,55.622
414B,75,25.64,25,1.47,195.3,57.13
414B,75,25.64,25,2.15,208.75,59.07
414B,75,25.64,25,3.16,222.74,61.419
414B,75,25.64,25,4.64,237.23,63.866
414B,75,25.64,25,6.81,252.51,66.402
414B,75,25.64,25,10,268.48,69.395
414B,75,25.64,25,14.7,284.71,72.327
414B,75,25.64,25,21.5,301.76,76.137
414B,75,25.64,25,31.6,317.1,77.432
414B,75,25.64,25,46.4,330.73,79.526
414B,75,25.64,25,68.1,338.4,79.655
414B,75,25.64,25,100,329.21,76.681
414B,75,25.64,30,0.01,46.208,48.633
414B,75,25.64,30,0.0147,60.652,56.551
414B,75,25.64,30,0.0215,76.669,59.749
414B,75,25.64,30,0.0316,96.595,61.654
414B,75,25.64,30,0.0464,111.35,62.339
414B,75,25.64,30,0.0681,126.6,61.026
414B,75,25.64,30,0.1,143.55,57.293
414B,75,25.64,30,0.147,153.78,57.835
414B,75,25.64,30,0.215,165.42,56.79
414B,75,25.64,30,0.316,177.36,55.843
414B,75,25.64,30,0.464,189,55.583
414B,75,25.64,30,0.681,200.63,55.859
414B,75,25.64,30,1,212.76,56.299
414B,75,25.64,30,1.47,225.23,57.181
414B,75,25.64,30,2.15,238.09,58.407
414B,75,25.64,30,3.16,251.57,59.839
414B,75,25.64,30,4.64,265.62,61.561
414B,75,25.64,30,6.81,280.43,63.456
414B,75,25.64,30,10,295.6,65.462
414B,75,25.64,30,14.7,311.18,67.818
414B,75,25.64,30,21.5,326.86,70.718
414B,75,25.64,30,31.6,341.08,71.276
414B,75,25.64,30,46.4,353.35,72.573
414B,75,25.64,30,68.1,360.74,72.87
414B,75,25.64,30,100,351.57,68.572
414B,75,25.64,35,0.01,50.422,54.387
414B,75,25.64,35,0.0147,64.318,60.626
414B,75,25.64,35,0.0215,84.482,65.372
414B,75,25.64,35,0.0316,104.57,65.927
414B,75,25.64,35,0.0464,119.84,66.09
414B,75,25.64,35,0.0681,135.01,63.805
414B,75,25.64,35,0.1,151.37,59.817
414B,75,25.64,35,0.147,162.75,58.23
414B,75,25.64,35,0.215,174.94,55.842
414B,75,25.64,35,0.316,186.28,54.007
414B,75,25.64,35,0.464,197.22,52.939
414B,75,25.64,35,0.681,208.19,52.296
414B,75,25.64,35,1,220.26,51.665
414B,75,25.64,35,1.47,232.04,51.878
414B,75,25.64,35,2.15,243.54,52.935
414B,75,25.64,35,3.16,255.51,53.982
414B,75,25.64,35,4.64,268.05,55.208
414B,75,25.64,35,6.81,281.03,56.603
414B,75,25.64,35,10,294.43,58.123
414B,75,25.64,35,14.7,307.96,59.919
414B,75,25.64,35,21.5,321.81,62.321
414B,75,25.64,35,31.6,334.05,62.326
414B,75,25.64,35,46.4,344.62,63.211
414B,75,25.64,35,68.1,349.95,62.167
414B,75,25.64,35,100,339.6,56.927
414C,75,27.94,15,0.01,49.992,42.731
414C,75,27.94,15,0.0147,75.841,38.322
414C,75,27.94,15,0.0215,88.154,35.622
414C,75,27.94,15,0.0316,97.307,34.352
414C,75,27.94,15,0.0464,105.45,33.79
414C,75,27.94,15,0.0681,113.53,33.539
414C,75,27.94,15,0.1,121.11,33.828
414C,75,27.94,15,0.147,128.92,34.287
414C,75,27.94,15,0.215,137.11,34.944
414C,75,27.94,15,0.316,145.6,35.731
414C,75,27.94,15,0.464,154.03,36.684
414C,75,27.94,15,0.681,162.76,37.822
414C,75,27.94,15,1,171.85,39.07
414C,75,27.94,15,1.47,181.35,40.363
414C,75,27.94,15,2.15,191.24,41.744
414C,75,27.94,15,3.16,201.54,43.049
414C,75,27.94,15,4.64,212.28,44.369
414C,75,27.94,15,6.81,223.32,45.57
414C,75,27.94,15,10,234.64,46.728
414C,75,27.94,15,14.7,246.18,47.963
414C,75,27.94,15,21.5,257.11,48.132
414C,75,27.94,15,31.6,267.93,48.575
414C,75,27.94,15,46.4,277.71,48.287
414C,75,27.94,15,68.1,285.04,45.963
414C,75,27.94,15,100,278.74,39.435
414C,75,27.94,20,0.01,90.724,36.52
414C,75,27.94,20,0.0147,99.402,34.653
414C,75,27.94,20,0.0215,107.96,33.311
414C,75,27.94,20,0.0316,115.57,33.474
414C,75,27.94,20,0.0464,122.98,33.75
414C,75,27.94,20,0.0681,130.97,34.125
414C,75,27.94,20,0.1,138.69,34.752
414C,75,27.94,20,0.147,146.66,35.478
414C,75,27.94,20,0.215,154.84,36.308
414C,75,27.94,20,0.316,163.58,37.199
414C,75,27.94,20,0.464,172.66,38.232
414C,75,27.94,20,0.681,181.79,39.248
414C,75,27.94,20,1,191.3,40.386
414C,75,27.94,20,1.47,201.05,41.584
414C,75,27.94,20,2.15,211.23,42.861
414C,75,27.94,20,3.16,221.78,43.978
414C,75,27.94,20,4.64,232.73,45.127
414C,75,27.94,20,6.81,244.05,46.216
414C,75,27.94,20,10,255.35,47.2
414C,75,27.94,20,14.7,266.59,48.401
414C,75,27.94,20,21.5,276.99,48.178
414C,75,27.94,20,31.6,287.33,49.096
414C,75,27.94,20,46.4,294.73,47.461
414C,75,27.94,20,68.1,295.46,44.371
414C,75,27.94,20,100,286.4,39.223
414C,75,27.94,25,0.01,100.79,38.007
414C,75,27.94,25,0.0147,110.33,36.242
414C,75,27.94,25,0.0215,118.01,36.566
414C,75,27.94,25,0.0316,125.09,37.144
414C,75,27.94,25,0.0464,133.44,37.73
414C,75,27.94,25,0.0681,141.42,37.849
414C,75,27.94,25,0.1,149.55,38.603
414C,75,27.94,25,0.147,158.15,39.237
414C,75,27.94,25,0.215,167.07,39.91
414C,75,27.94,25,0.316,176.46,40.775
414C,75,27.94,25,0.464,186.81,41.464
414C,75,27.94,25,0.681,196.74,42.317
414C,75,27.94,25,1,206.87,43.368
414C,75,27.94,25,1.47,217.39,44.286
414C,75,27.94,25,2.15,228.15,45.362
414C,75,27.94,25,3.16,239.28,46.273
414C,75,27.94,25,4.64,250.73,47.18
414C,75,27.94,25,6.81,262.38,47.845
414C,75,27.94,25,10,274.13,48.412
414C,75,27.94,25,14.7,285.94,49.431
414C,75,27.94,25,21.5,296.67,48.94
414C,75,27.94,25,31.6,306.88,49.173
414C,75,27.94,25,46.4,315.24,48.424
414C,75,27.94,25,68.1,315.81,44.957
414C,75,27.94,25,100,305.77,38.165
414C,75,27.94,30,0.01,100.47,45.246
414C,75,27.94,30,0.0147,111.69,44.154
414C,75,27.94,30,0.0215,121.09,44.851
414C,75,27.94,30,0.0316,131.88,43.35
414C,75,27.94,30,0.0464,140.85,44.074
414C,75,27.94,30,0.0681,150.4,43.687
414C,75,27.94,30,0.1,161.31,43.06
414C,75,27.94,30,0.147,170.5,43.576
414C,75,27.94,30,0.215,180.3,43.836
414C,75,27.94,30,0.316,190.33,44.189
414C,75,27.94,30,0.464,200.61,44.652
414C,75,27.94,30,0.681,211.21,45.161
414C,75,27.94,30,1,221.98,45.775
414C,75,27.94,30,1.47,233.07,46.434
414C,75,27.94,30,2.15,244.39,47.086
414C,75,27.94,30,3.16,255.93,47.679
414C,75,27.94,30,4.64,267.63,48.243
414C,75,27.94,30,6.81,279.62,48.585
414C,75,27.94,30,10,291.64,48.885
414C,75,27.94,30,14.7,303.74,49.341
414C,75,27.94,30,21.5,315.17,48.829
414C,75,27.94,30,31.6,326.73,48.419
414C,75,27.94,30,46.4,337.7,47.441
414C,75,27.94,30,68.1,346.61,44.619
414C,75,27.94,30,100,346.27,35.811
414C,75,27.94,35,0.01,98.933,53.018
414C,75,27.94,35,0.0147,110.79,54.272
414C,75,27.94,35,0.0215,126.71,53.176
414C,75,27.94,35,0.0316,138.49,52.757
414C,75,27.94,35,0.0464,151.55,50.207
414C,75,27.94,35,0.0681,162.19,48.973
414C,75,27.94,35,0.1,173.29,47.58
414C,75,27.94,35,0.147,185,45.687
414C,75,27.94,35,0.215,194.59,45.687
414C,75,27.94,35,0.316,204.94,45.454
414C,75,27.94,35,0.464,215.28,45.211
414C,75,27.94,35,0.681,225.86,45.195
414C,75,27.94,35,1,236.58,45.343
414C,75,27.94,35,1.47,247.37,45.459
414C,75,27.94,35,2.15,258.34,45.801
414C,75,27.94,35,3.16,269.51,46.039
414C,75,27.94,35,4.64,280.77,46.161
414C,75,27.94,35,6.81,291.92,46.23
414C,75,27.94,35,10,303.39,46.373
414C,75,27.94,35,14.7,314.56,46.512
414C,75,27.94,35,21.5,325.22,45.689
414C,75,27.94,35,31.6,335.62,45.375
414C,75,27.94,35,46.4,344.89,43.8
414C,75,27.94,35,68.1,351.61,40.977
414C,75,27.94,35,100,347.18,32.941
407A,100,15.86,15,0.01,0.13448,0.0055474
407A,100,15.86,15,0.0147,0.16063,0.0034629
407A,100,15.86,15,0.0215,0.17253,0.0091914
407A,100,15.86,15,0.0316,0.14866,0.059651
407A,100,15.86,15,0.0464,0.16426,0.0075284
407A,100,15.86,15,0.0681,0.15507,0.051416
407A,100,15.86,15,0.1,0.13918,0.067194
407A,100,15.86,15,0.147,0.16159,0.077555
407A,100,15.86,15,0.215,0.14913,0.073633
407A,100,15.86,15,0.316,0.1439,0.091858
407A,100,15.86,15,0.464,0.2038,0.15854
407A,100,15.86,15,0.681,0.25223,0.20252
407A,100,15.86,15,1,0.26136,0.2654
407A,100,15.86,15,1.47,0.29961,0.34114
407A,100,15.86,15,2.15,0.33673,0.41362
407A,100,15.86,15,3.16,0.41958,0.46878
407A,100,15.86,15,4.64,0.47518,0.54024
407A,100,15.86,15,6.81,0.43906,0.70071
407A,100,15.86,15,10,0.43714,0.9321
407A,100,15.86,15,14.7,0.30042,1.4348
407A,100,15.86,15,21.5,7.29E-05,1.4577
407A,100,15.86,15,31.6,0.00014514,2.9028
407A,100,15.86,15,46.4,0.00034092,6.8184
407A,100,15.86,15,68.1,0.00081738,16.348
407A,100,15.86,15,100,0.0021821,43.641
407A,100,15.86,20,0.01,0.058462,0.13076
407A,100,15.86,20,0.0147,0.070946,0.054807
407A,100,15.86,20,0.0215,0.084297,0.0056253
407A,100,15.86,20,0.0316,0.078003,0.039833
407A,100,15.86,20,0.0464,0.083812,0.037988
407A,100,15.86,20,0.0681,0.087254,0.059091
407A,100,15.86,20,0.1,0.12512,0.04634
407A,100,15.86,20,0.147,0.11513,0.11504
407A,100,15.86,20,0.215,0.12809,0.14262
407A,100,15.86,20,0.316,0.1404,0.20395
407A,100,15.86,20,0.464,0.17759,0.1516
407A,100,15.86,20,0.681,0.16191,0.24965
407A,100,15.86,20,1,0.18611,0.26001
407A,100,15.86,20,1.47,0.19986,0.31703
407A,100,15.86,20,2.15,0.22944,0.36201
407A,100,15.86,20,3.16,0.31219,0.38246
407A,100,15.86,20,4.64,0.25073,0.43241
407A,100,15.86,20,6.81,0.14956,0.54715
407A,100,15.86,20,10,3.75E-05,0.74905
407A,100,15.86,20,14.7,6.78E-05,1.3561
407A,100,15.86,20,21.5,0.00011746,2.3492
407A,100,15.86,20,31.6,0.0002765,5.53
407A,100,15.86,20,46.4,0.00062228,12.446
407A,100,15.86,20,68.1,0.0014287,28.574
407A,100,15.86,20,100,0.0032824,65.649
407A,100,15.86,25,0.01,0.10171,0.014875
407A,100,15.86,25,0.0147,0.13995,0.025434
407A,100,15.86,25,0.0215,0.10232,0.051148
407A,100,15.86,25,0.0316,0.1091,0.058593
407A,100,15.86,25,0.0464,0.12152,0.10116
407A,100,15.86,25,0.0681,0.12087,0.11384
407A,100,15.86,25,0.1,0.15821,0.17337
407A,100,15.86,25,0.147,0.1791,0.21198
407A,100,15.86,25,0.215,0.19536,0.23207
407A,100,15.86,25,0.316,0.23926,0.29369
407A,100,15.86,25,0.464,0.26586,0.31078
407A,100,15.86,25,0.681,0.33143,0.43826
407A,100,15.86,25,1,0.30587,0.49514
407A,100,15.86,25,1.47,0.47791,0.55455
407A,100,15.86,25,2.15,0.49031,0.66406
407A,100,15.86,25,3.16,0.51387,0.82892
407A,100,15.86,25,4.64,0.66909,0.85258
407A,100,15.86,25,6.81,0.69081,1.0393
407A,100,15.86,25,10,0.4904,1.251
407A,100,15.86,25,14.7,0.067587,1.845
407A,100,15.86,25,21.5,9.80E-05,1.9605
407A,100,15.86,25,31.6,0.00024145,4.8289
407A,100,15.86,25,46.4,0.00054544,10.909
407A,100,15.86,25,68.1,0.0012713,25.426
407A,100,15.86,25,100,0.0030465,60.931
407A,100,15.86,30,0.01,0.020629,0.3907
407A,100,15.86,30,0.0147,0.14579,0.036246
407A,100,15.86,30,0.0215,0.096716,0.12652
407A,100,15.86,30,0.0316,0.10551,0.098592
407A,100,15.86,30,0.0464,0.15257,0.11204
407A,100,15.86,30,0.0681,0.097255,0.14118
407A,100,15.86,30,0.1,0.12878,0.14513
407A,100,15.86,30,0.147,0.1577,0.15573
407A,100,15.86,30,0.215,0.16813,0.20666
407A,100,15.86,30,0.316,0.20274,0.26341
407A,100,15.86,30,0.464,0.19289,0.26665
407A,100,15.86,30,0.681,0.21493,0.34016
407A,100,15.86,30,1,0.29809,0.39267
407A,100,15.86,30,1.47,0.36534,0.40248
407A,100,15.86,30,2.15,0.37402,0.48602
407A,100,15.86,30,3.16,0.43664,0.6275
407A,100,15.86,30,4.64,0.48745,0.66593
407A,100,15.86,30,6.81,0.53137,0.97983
407A,100,15.86,30,10,0.24975,0.99328
407A,100,15.86,30,14.7,0.02804,1.6315
407A,100,15.86,30,21.5,9.24E-05,1.847
407A,100,15.86,30,31.6,0.00022595,4.519
407A,100,15.86,30,46.4,0.00050553,10.111
407A,100,15.86,30,68.1,0.0011324,22.649
407A,100,15.86,30,100,0.0027025,54.05
407A,100,15.86,35,0.01,0.39914,2.00E-05
407A,100,15.86,35,0.0147,0.35722,0.11701
407A,100,15.86,35,0.0215,0.11709,0.19398
407A,100,15.86,35,0.0316,0.10289,0.14613
407A,100,15.86,35,0.0464,0.14824,0.055981
407A,100,15.86,35,0.0681,0.054637,0.13492
407A,100,15.86,35,0.1,0.10344,0.1334
407A,100,15.86,35,0.147,0.10404,0.14039
407A,100,15.86,35,0.215,0.094879,0.1454
407A,100,15.86,35,0.316,0.1457,0.1463
407A,100,15.86,35,0.464,0.16473,0.19606
407A,100,15.86,35,0.681,0.19139,0.19202
407A,100,15.86,35,1,0.19616,0.26722
407A,100,15.86,35,1.47,0.28141,0.26332
407A,100,15.86,35,2.15,0.2558,0.33153
407A,100,15.86,35,3.16,0.30395,0.35432
407A,100,15.86,35,4.64,0.36146,0.42764
407A,100,15.86,35,6.81,0.45902,0.52105
407A,100,15.86,35,10,0.039384,0.67291
407A,100,15.86,35,14.7,6.02E-05,1.2046
407A,100,15.86,35,21.5,8.26E-05,1.6525
407A,100,15.86,35,31.6,0.00019675,3.9351
407A,100,15.86,35,46.4,0.00045136,9.0272
407A,100,15.86,35,68.1,0.0010543,21.085
407A,100,15.86,35,100,0.0025553,51.106
407B,100,23.39,15,0.01,0.12903,0.152
407B,100,23.39,15,0.0147,0.095682,0.019208
407B,100,23.39,15,0.0215,0.090108,0.035691
407B,100,23.39,15,0.0316,0.058418,0.04
407B,100,23.39,15,0.0464,0.080688,2.14E-05
407B,100,23.39,15,0.0681,0.070157,0.014506
407B,100,23.39,15,0.1,0.081656,0.016982
407B,100,23.39,15,0.147,0.056437,0.023555
407B,100,23.39,15,0.215,0.066951,0.032346
407B,100,23.39,15,0.316,0.072053,0.041704
407B,100,23.39,15,0.464,0.082601,0.04736
407B,100,23.39,15,0.681,0.086964,0.10498
407B,100,23.39,15,1,0.092545,0.16046
407B,100,23.39,15,1.47,0.068462,0.15204
407B,100,23.39,15,2.15,0.090118,0.2242
407B,100,23.39,15,3.16,0.031243,0.30892
407B,100,23.39,15,4.64,0.018075,0.49791
407B,100,23.39,15,6.81,0.021542,0.69557
407B,100,23.39,15,10,5.52E-05,1.1045
407B,100,23.39,15,14.7,8.78E-05,1.7557
407B,100,23.39,15,21.5,0.00016005,3.201
407B,100,23.39,15,31.6,0.00025728,5.1456
407B,100,23.39,15,46.4,0.0005453,10.906
407B,100,23.39,15,68.1,0.001218,24.361
407B,100,23.39,15,100,0.0027204,54.409
407B,100,23.39,20,0.01,2.80E-06,0.055976
407B,100,23.39,20,0.0147,5.32E-06,0.10646
407B,100,23.39,20,0.0215,0.074496,0.078039
407B,100,23.39,20,0.0316,0.037338,0.01836
407B,100,23.39,20,0.0464,0.039113,0.043876
407B,100,23.39,20,0.0681,0.12795,0.07731
407B,100,23.39,20,0.1,0.11076,0.083195
407B,100,23.39,20,0.147,0.14232,0.12782
407B,100,23.39,20,0.215,0.14489,0.17126
407B,100,23.39,20,0.316,0.17626,0.18994
407B,100,23.39,20,0.464,0.20851,0.2513
407B,100,23.39,20,0.681,0.23413,0.31747
407B,100,23.39,20,1,0.27841,0.41774
407B,100,23.39,20,1.47,0.32171,0.54257
407B,100,23.39,20,2.15,0.41808,0.71747
407B,100,23.39,20,3.16,0.53215,0.92292
407B,100,23.39,20,4.64,0.60061,1.2524
407B,100,23.39,20,6.81,0.65646,1.6054
407B,100,23.39,20,10,0.64419,2.1991
407B,100,23.39,20,14.7,0.40957,3.1148
407B,100,23.39,20,21.5,0.00022902,4.5804
407B,100,23.39,20,31.6,0.00026597,5.3194
407B,100,23.39,20,46.4,0.00050393,10.079
407B,100,23.39,20,68.1,0.0010533,21.066
407B,100,23.39,20,100,0.002443,48.859
407B,100,23.39,25,0.01,0.37974,0.55282
407B,100,23.39,25,0.0147,0.51802,0.61884
407B,100,23.39,25,0.0215,1.4546,1.2092
407B,100,23.39,25,0.0316,2.2651,1.8283
407B,100,23.39,25,0.0464,2.9249,2.3716
407B,100,23.39,25,0.0681,3.6136,2.8474
407B,100,23.39,25,0.1,4.3438,3.2997
407B,100,23.39,25,0.147,4.9912,3.8656
407B,100,23.39,25,0.215,5.7511,4.3888
407B,100,23.39,25,0.316,6.6061,5.0119
407B,100,23.39,25,0.464,7.5082,5.6825
407B,100,23.39,25,0.681,8.579,6.4221
407B,100,23.39,25,1,9.8199,7.2313
407B,100,23.39,25,1.47,11.192,8.1752
407B,100,23.39,25,2.15,12.833,9.2212
407B,100,23.39,25,3.16,14.655,10.388
407B,100,23.39,25,4.64,16.804,11.694
407B,100,23.39,25,6.81,19.276,13.164
407B,100,23.39,25,10,22.127,14.825
407B,100,23.39,25,14.7,25.283,16.751
407B,100,23.39,25,21.5,28.811,19.306
407B,100,23.39,25,31.6,31.46,20.09
407B,100,23.39,25,46.4,33.898,21.857
407B,100,23.39,25,68.1,33.637,23.473
407B,100,23.39,25,100,26.005,21.074
407B,100,23.39,30,0.01,2.7341,3.2931
407B,100,23.39,30,0.0147,4.615,5.8252
407B,100,23.39,30,0.0215,6.4956,7.4056
407B,100,23.39,30,0.0316,7.9842,8.8559
407B,100,23.39,30,0.0464,9.4136,9.9721
407B,100,23.39,30,0.0681,10.8,11.118
407B,100,23.39,30,0.1,12.663,12.26
407B,100,23.39,30,0.147,14.725,13.491
407B,100,23.39,30,0.215,16.729,15.037
407B,100,23.39,30,0.316,19.097,16.563
407B,100,23.39,30,0.464,21.768,18.327
407B,100,23.39,30,0.681,24.762,20.168
407B,100,23.39,30,1,28.445,22.248
407B,100,23.39,30,1.47,32.628,24.505
407B,100,23.39,30,2.15,37.535,27.038
407B,100,23.39,30,3.16,43.093,29.494
407B,100,23.39,30,4.64,49.529,32.156
407B,100,23.39,30,6.81,56.539,34.719
407B,100,23.39,30,10,64.52,37.304
407B,100,23.39,30,14.7,73.165,40.081
407B,100,23.39,30,21.5,81.952,43.635
407B,100,23.39,30,31.6,91.409,44.485
407B,100,23.39,30,46.4,101.11,46.13
407B,100,23.39,30,68.1,111.71,48.066
407B,100,23.39,30,100,113.53,44.605
407B,100,23.39,35,0.01,4.2844,7.6426
407B,100,23.39,35,0.0147,5.5817,10.459
407B,100,23.39,35,0.0215,9.517,12.368
407B,100,23.39,35,0.0316,11.689,15.762
407B,100,23.39,35,0.0464,15.303,18.067
407B,100,23.39,35,0.0681,18.356,20.25
407B,100,23.39,35,0.1,21.836,22.32
407B,100,23.39,35,0.147,25.972,24.237
407B,100,23.39,35,0.215,29.546,26.518
407B,100,23.39,35,0.316,33.982,28.882
407B,100,23.39,35,0.464,38.914,31.382
407B,100,23.39,35,0.681,44.458,33.911
407B,100,23.39,35,1,50.78,36.714
407B,100,23.39,35,1.47,57.964,39.591
407B,100,23.39,35,2.15,66.064,42.414
407B,100,23.39,35,3.16,75.089,45.215
407B,100,23.39,35,4.64,84.975,47.922
407B,100,23.39,35,6.81,95.673,50.509
407B,100,23.39,35,10,107.19,52.994
407B,100,23.39,35,14.7,119.46,55.506
407B,100,23.39,35,21.5,132.26,58.316
407B,100,23.39,35,31.6,144.56,59.317
407B,100,23.39,35,46.4,157.34,61.142
407B,100,23.39,35,68.1,168.17,62.462
407B,100,23.39,35,100,172.99,59.722
407C,100,29.16,15,0.01,81.074,69.215
407C,100,29.16,15,0.0147,124.4,62.701
407C,100,29.16,15,0.0215,146.06,59.39
407C,100,29.16,15,0.0316,162.11,58.491
407C,100,29.16,15,0.0464,177.2,58.062
407C,100,29.16,15,0.0681,191.05,58.375
407C,100,29.16,15,0.1,205.07,59.464
407C,100,29.16,15,0.147,219.26,61.1
407C,100,29.16,15,0.215,233.76,63.242
407C,100,29.16,15,0.316,248.78,65.902
407C,100,29.16,15,0.464,264.63,68.973
407C,100,29.16,15,0.681,281.62,72.417
407C,100,29.16,15,1,299.35,76.082
407C,100,29.16,15,1.47,318.12,79.936
407C,100,29.16,15,2.15,338.04,83.795
407C,100,29.16,15,3.16,359,87.512
407C,100,29.16,15,4.64,381.04,91.104
407C,100,29.16,15,6.81,403.99,94.326
407C,100,29.16,15,10,427.7,97.268
407C,100,29.16,15,14.7,452.09,100.06
407C,100,29.16,15,21.5,476.86,103.09
407C,100,29.16,15,31.6,500.4,103.2
407C,100,29.16,15,46.4,523.42,103.86
407C,100,29.16,15,68.1,544.12,103.47
407C,100,29.16,15,100,551.96,98.588
407C,100,29.16,20,0.01,168.11,65.052
407C,100,29.16,20,0.0147,185.8,59.28
407C,100,29.16,20,0.0215,200.75,59.633
407C,100,29.16,20,0.0316,214.33,60.14
407C,100,29.16,20,0.0464,228.46,61.098
407C,100,29.16,20,0.0681,242.35,62.119
407C,100,29.16,20,0.1,257.05,63.973
407C,100,29.16,20,0.147,272.04,65.837
407C,100,29.16,20,0.215,287.46,68.205
407C,100,29.16,20,0.316,303.57,71.017
407C,100,29.16,20,0.464,320.53,74.092
407C,100,29.16,20,0.681,338.47,77.42
407C,100,29.16,20,1,357.39,80.948
407C,100,29.16,20,1.47,377.35,84.496
407C,100,29.16,20,2.15,398.47,88.039
407C,100,29.16,20,3.16,420.51,91.332
407C,100,29.16,20,4.64,443.65,94.416
407C,100,29.16,20,6.81,467.54,97.196
407C,100,29.16,20,10,492.07,99.594
407C,100,29.16,20,14.7,516.83,101.78
407C,100,29.16,20,21.5,541.7,104.21
407C,100,29.16,20,31.6,564.79,103.69
407C,100,29.16,20,46.4,586.53,103.9
407C,100,29.16,20,68.1,603.28,102.31
407C,100,29.16,20,100,606.28,95.439
407C,100,29.16,25,0.01,209.97,68.558
407C,100,29.16,25,0.0147,225.56,64.787
407C,100,29.16,25,0.0215,240.82,65.502
407C,100,29.16,25,0.0316,254.99,66.435
407C,100,29.16,25,0.0464,270.26,67.581
407C,100,29.16,25,0.0681,285.46,68.468
407C,100,29.16,25,0.1,301.21,70.018
407C,100,29.16,25,0.147,317.6,72.371
407C,100,29.16,25,0.215,334.63,74.495
407C,100,29.16,25,0.316,352.22,77.086
407C,100,29.16,25,0.464,370.67,79.968
407C,100,29.16,25,0.681,390,82.993
407C,100,29.16,25,1,410.33,86.151
407C,100,29.16,25,1.47,431.55,89.309
407C,100,29.16,25,2.15,453.71,92.292
407C,100,29.16,25,3.16,476.71,94.999
407C,100,29.16,25,4.64,500.61,97.552
407C,100,29.16,25,6.81,525.18,99.575
407C,100,29.16,25,10,550.1,101.32
407C,100,29.16,25,14.7,575.26,102.83
407C,100,29.16,25,21.5,600.09,104.68
407C,100,29.16,25,31.6,622.83,103.6
407C,100,29.16,25,46.4,643.7,103.07
407C,100,29.16,25,68.1,657.67,101.21
407C,100,29.16,25,100,656.5,95.742
407C,100,29.16,30,0.01,237.75,76.706
407C,100,29.16,30,0.0147,256.49,76.28
407C,100,29.16,30,0.0215,273.61,78.128
407C,100,29.16,30,0.0316,291.81,78.59
407C,100,29.16,30,0.0464,309.85,79.831
407C,100,29.16,30,0.0681,329.73,80.065
407C,100,29.16,30,0.1,348.59,81.808
407C,100,29.16,30,0.147,368.03,83.488
407C,100,29.16,30,0.215,388.32,85.419
407C,100,29.16,30,0.316,410.77,87.279
407C,100,29.16,30,0.464,431.92,89.489
407C,100,29.16,30,0.681,453.74,91.754
407C,100,29.16,30,1,476.31,93.866
407C,100,29.16,30,1.47,499.51,95.859
407C,100,29.16,30,2.15,523.25,97.603
407C,100,29.16,30,3.16,547.46,99.097
407C,100,29.16,30,4.64,571.98,100.12
407C,100,29.16,30,6.81,596.89,100.95
407C,100,29.16,30,10,621.63,101.44
407C,100,29.16,30,14.7,646.36,101.75
407C,100,29.16,30,21.5,670.49,102.59
407C,100,29.16,30,31.6,692.49,100.76
407C,100,29.16,30,46.4,712.45,99.749
407C,100,29.16,30,68.1,725.65,97.195
407C,100,29.16,30,100,722.74,89.913
407C,100,29.16,35,0.01,257.16,98.275
407C,100,29.16,35,0.0147,278.02,104.85
407C,100,29.16,35,0.0215,306.69,103.35
407C,100,29.16,35,0.0316,334.33,101.85
407C,100,29.16,35,0.0464,357.94,101.44
407C,100,29.16,35,0.0681,383.73,99.057
407C,100,29.16,35,0.1,406.16,98.941
407C,100,29.16,35,0.147,429.56,98.684
407C,100,29.16,35,0.215,452.88,98.379
407C,100,29.16,35,0.316,479.06,97.676
407C,100,29.16,35,0.464,502.46,97.834
407C,100,29.16,35,0.681,525.72,98.099
407C,100,29.16,35,1,549.41,98.084
407C,100,29.16,35,1.47,573.26,97.911
407C,100,29.16,35,2.15,597.09,97.64
407C,100,29.16,35,3.16,620.9,97.203
407C,100,29.16,35,4.64,644.5,96.725
407C,100,29.16,35,6.81,667.91,96.013
407C,100,29.16,35,10,691.07,95.305
407C,100,29.16,35,14.7,713.85,94.631
407C,100,29.16,35,21.5,736.05,94.694
407C,100,29.16,35,31.6,755.82,92.414
407C,100,29.16,35,46.4,773.63,90.936
407C,100,29.16,35,68.1,785.8,88.257
407C,100,29.16,35,100,781.35,82.217
356C,300,17.61,15,0.01,1.90E-05,0.37936
356C,300,17.61,15,0.0147,0.18811,0.078662
356C,300,17.61,15,0.0215,0.12206,0.030118
356C,300,17.61,15,0.0316,0.13918,0.048964
356C,300,17.61,15,0.0464,0.14146,0.036478
356C,300,17.61,15,0.0681,0.17429,0.021912
356C,300,17.61,15,0.1,0.072397,0.037308
356C,300,17.61,15,0.147,0.1036,0.015052
356C,300,17.61,15,0.215,0.10341,0.022693
356C,300,17.61,15,0.316,0.1159,0.044387
356C,300,17.61,15,0.464,0.10623,0.025528
356C,300,17.61,15,0.681,0.11773,0.094506
356C,300,17.61,15,1,0.12696,0.075469
356C,300,17.61,15,1.47,0.15155,0.12453
356C,300,17.61,15,2.15,0.13403,0.11844
356C,300,17.61,15,3.16,0.18135,0.19035
356C,300,17.61,15,4.64,0.25663,0.31506
356C,300,17.61,15,6.81,0.24443,0.44668
356C,300,17.61,15,10,0.51566,0.76405
356C,300,17.61,15,14.7,0.80416,1.2368
356C,300,17.61,15,21.5,1.4214,2.2765
356C,300,17.61,15,31.6,1.7484,1.0932
356C,300,17.61,15,46.4,2.8427,0.95002
356C,300,17.61,15,68.1,5.9768,0.18521
356C,300,17.61,15,100,6.9718,3.9262
356C,300,17.61,20,0.01,0.11774,0.032731
356C,300,17.61,20,0.0147,0.030657,0.023985
356C,300,17.61,20,0.0215,9.30E-06,0.18597
356C,300,17.61,20,0.0316,0.0046197,0.020501
356C,300,17.61,20,0.0464,0.019555,0.032659
356C,300,17.61,20,0.0681,0.033641,0.010262
356C,300,17.61,20,0.1,0.0047663,0.027618
356C,300,17.61,20,0.147,0.024193,0.001805
356C,300,17.61,20,0.215,0.026018,0.029571
356C,300,17.61,20,0.316,0.024409,0.031256
356C,300,17.61,20,0.464,0.083836,0.06477
356C,300,17.61,20,0.681,0.028766,0.028868
356C,300,17.61,20,1,0.043155,0.064024
356C,300,17.61,20,1.47,0.080627,0.068301
356C,300,17.61,20,2.15,0.067859,0.14332
356C,300,17.61,20,3.16,0.099514,0.20545
356C,300,17.61,20,4.64,0.21713,0.27177
356C,300,17.61,20,6.81,0.41661,0.43876
356C,300,17.61,20,10,0.78973,0.64972
356C,300,17.61,20,14.7,1.5986,1.1158
356C,300,17.61,20,21.5,3.2475,2.139
356C,300,17.61,20,31.6,5.5073,0.81246
356C,300,17.61,20,46.4,11.788,0.30421
356C,300,17.61,20,68.1,23.957,1.516
356C,300,17.61,20,100,47.42,7.9413
356C,300,17.61,25,0.01,0.070834,0.036195
356C,300,17.61,25,0.0147,0.11999,0.019309
356C,300,17.61,25,0.0215,0.0046249,0.057478
356C,300,17.61,25,0.0316,0.013854,0.010013
356C,300,17.61,25,0.0464,0.0075205,0.0057748
356C,300,17.61,25,0.0681,0.041929,0.024485
356C,300,17.61,25,0.1,0.10578,0.067795
356C,300,17.61,25,0.147,0.03326,0.043132
356C,300,17.61,25,0.215,0.065021,0.049384
356C,300,17.61,25,0.316,0.029993,0.010991
356C,300,17.61,25,0.464,0.091614,0.056218
356C,300,17.61,25,0.681,0.15305,0.086764
356C,300,17.61,25,1,1.07E-05,0.21499
356C,300,17.61,25,1.47,1.20E-05,0.23907
356C,300,17.61,25,2.15,0.01858,0.1298
356C,300,17.61,25,3.16,1.51E-05,0.30193
356C,300,17.61,25,4.64,1.94E-05,0.38788
356C,300,17.61,25,6.81,3.11E-05,0.62206
356C,300,17.61,25,10,4.67E-05,0.93339
356C,300,17.61,25,14.7,6.94E-05,1.3879
356C,300,17.61,25,21.5,0.00014534,2.9067
356C,300,17.61,25,31.6,0.00029386,5.8772
356C,300,17.61,25,46.4,0.00064287,12.857
356C,300,17.61,25,68.1,0.0014357,28.714
356C,300,17.61,25,100,0.0033176,66.351
356C,300,17.61,30,0.01,0.14863,0.09982
356C,300,17.61,30,0.0147,0.019296,0.023152
356C,300,17.61,30,0.0215,0.050969,0.0029935
356C,300,17.61,30,0.0316,0.049179,0.020779
356C,300,17.61,30,0.0464,0.055179,0.013408
356C,300,17.61,30,0.0681,0.069095,0.0011957
356C,300,17.61,30,0.1,0.059128,0.0082082
356C,300,17.61,30,0.147,0.051733,0.0033833
356C,300,17.61,30,0.215,0.066173,0.03194
356C,300,17.61,30,0.316,0.053094,0.0056631
356C,300,17.61,30,0.464,0.10688,0.0065437
356C,300,17.61,30,0.681,0.079287,0.06497
356C,300,17.61,30,1,0.037139,0.10613
356C,300,17.61,30,1.47,0.071866,0.11725
356C,300,17.61,30,2.15,0.10845,0.1384
356C,300,17.61,30,3.16,0.27858,0.069939
356C,300,17.61,30,4.64,0.072439,0.28273
356C,300,17.61,30,6.81,0.24838,0.50523
356C,300,17.61,30,10,0.32305,0.66845
356C,300,17.61,30,14.7,0.43059,1.017
356C,300,17.61,30,21.5,0.77244,1.9849
356C,300,17.61,30,31.6,0.28616,0.88278
356C,300,17.61,30,46.4,0.27263,0.18561
356C,300,17.61,30,68.1,9.35E-05,1.8693
356C,300,17.61,30,100,0.0005068,10.136
356C,300,17.61,35,0.01,0.023951,0.081678
356C,300,17.61,35,0.0147,1.33E-06,0.02658
356C,300,17.61,35,0.0215,0.016824,0.010051
356C,300,17.61,35,0.0316,0.012349,0.0039466
356C,300,17.61,35,0.0464,0.016853,0.01252
356C,300,17.61,35,0.0681,0.011944,0.020719
356C,300,17.61,35,0.1,0.0044704,0.035841
356C,300,17.61,35,0.147,3.26E-06,0.065225
356C,300,17.61,35,0.215,3.60E-06,0.071952
356C,300,17.61,35,0.316,0.0018881,0.019452
356C,300,17.61,35,0.464,0.070577,0.0039539
356C,300,17.61,35,0.681,0.045551,0.04331
356C,300,17.61,35,1,0.018706,0.059948
356C,300,17.61,35,1.47,0.038941,0.0094922
356C,300,17.61,35,2.15,1.05E-05,0.20998
356C,300,17.61,35,3.16,3.75E-06,0.074941
356C,300,17.61,35,4.64,1.34E-05,0.26724
356C,300,17.61,35,6.81,1.92E-05,0.3843
356C,300,17.61,35,10,3.24E-05,0.64894
356C,300,17.61,35,14.7,8.83E-05,1.7668
356C,300,17.61,35,21.5,0.00017664,3.5328
356C,300,17.61,35,31.6,0.00039241,7.8481
356C,300,17.61,35,46.4,0.00081264,16.253
356C,300,17.61,35,68.1,0.0017651,35.302
356C,300,17.61,35,100,0.0041864,83.729
411E,300,23.45,15,0.01,57.945,35.051
411E,300,23.45,15,0.0147,78.477,25.772
411E,300,23.45,15,0.0215,86.722,22.976
411E,300,23.45,15,0.0316,92.519,21.676
411E,300,23.45,15,0.0464,98.369,21.622
411E,300,23.45,15,0.0681,103.24,21.306
411E,300,23.45,15,0.1,107.89,21.57
411E,300,23.45,15,0.147,112.78,22.148
411E,300,23.45,15,0.215,117.91,22.983
411E,300,23.45,15,0.316,124,24.053
411E,300,23.45,15,0.464,129.73,25.311
411E,300,23.45,15,0.681,135.71,26.879
411E,300,23.45,15,1,141.91,28.635
411E,300,23.45,15,1.47,148.67,30.722
411E,300,23.45,15,2.15,156.02,33.082
411E,300,23.45,15,3.16,163.88,35.734
411E,300,23.45,15,4.64,172.68,38.667
411E,300,23.45,15,6.81,182.58,41.953
411E,300,23.45,15,10,193.71,45.571
411E,300,23.45,15,14.7,207.06,49.44
411E,300,23.45,15,21.5,223.69,54.054
411E,300,23.45,15,31.6,245.78,56.895
411E,300,23.45,15,46.4,279.91,60.305
411E,300,23.45,15,68.1,337.46,62.256
411E,300,23.45,15,100,443.05,59.827
411E,300,23.45,20,0.01,98.557,22.558
411E,300,23.45,20,0.0147,105.88,21.87
411E,300,23.45,20,0.0215,111.52,21.66
411E,300,23.45,20,0.0316,117.18,21.112
411E,300,23.45,20,0.0464,123.05,21.629
411E,300,23.45,20,0.0681,127.72,22.019
411E,300,23.45,20,0.1,132.29,22.63
411E,300,23.45,20,0.147,137.29,23.489
411E,300,23.45,20,0.215,142.83,24.455
411E,300,23.45,20,0.316,149.37,25.688
411E,300,23.45,20,0.464,155.27,27.219
411E,300,23.45,20,0.681,161.52,28.869
411E,300,23.45,20,1,168.37,30.798
411E,300,23.45,20,1.47,175.64,33.037
411E,300,23.45,20,2.15,183.56,35.421
411E,300,23.45,20,3.16,192.17,38.102
411E,300,23.45,20,4.64,201.63,41.068
411E,300,23.45,20,6.81,212.06,44.308
411E,300,23.45,20,10,223.96,47.792
411E,300,23.45,20,14.7,237.8,51.684
411E,300,23.45,20,21.5,255.22,56.035
411E,300,23.45,20,31.6,277.76,58.58
411E,300,23.45,20,46.4,312.7,61.753
411E,300,23.45,20,68.1,371.52,64.026
411E,300,23.45,20,100,478.88,60.901
411E,300,23.45,25,0.01,117.94,24.687
411E,300,23.45,25,0.0147,122.82,24.78
411E,300,23.45,25,0.0215,127.94,24.988
411E,300,23.45,25,0.0316,134.08,25.428
411E,300,23.45,25,0.0464,139.53,26.211
411E,300,23.45,25,0.0681,147.04,26.371
411E,300,23.45,25,0.1,152.78,27.418
411E,300,23.45,25,0.147,159.13,28.518
411E,300,23.45,25,0.215,165.87,29.715
411E,300,23.45,25,0.316,173.18,30.968
411E,300,23.45,25,0.464,182.19,32.428
411E,300,23.45,25,0.681,189.92,34.282
411E,300,23.45,25,1,198.06,36.265
411E,300,23.45,25,1.47,206.74,38.534
411E,300,23.45,25,2.15,216.05,40.938
411E,300,23.45,25,3.16,226.04,43.598
411E,300,23.45,25,4.64,236.95,46.46
411E,300,23.45,25,6.81,248.81,49.514
411E,300,23.45,25,10,261.95,52.728
411E,300,23.45,25,14.7,277.13,56.283
411E,300,23.45,25,21.5,295.59,60.25
411E,300,23.45,25,31.6,319.21,62.415
411E,300,23.45,25,46.4,355.2,65.027
411E,300,23.45,25,68.1,414.57,66.416
411E,300,23.45,25,100,521.98,64.083
411E,300,23.45,30,0.01,129.01,35.32
411E,300,23.45,30,0.0147,137.67,35.622
411E,300,23.45,30,0.0215,147.61,37.685
411E,300,23.45,30,0.0316,160.06,37.097
411E,300,23.45,30,0.0464,169.56,38.33
411E,300,23.45,30,0.0681,179.7,38.62
411E,300,23.45,30,0.1,191.58,38.072
411E,300,23.45,30,0.147,200.73,39.617
411E,300,23.45,30,0.215,210.41,40.623
411E,300,23.45,30,0.316,220.83,41.357
411E,300,23.45,30,0.464,231.16,42.951
411E,300,23.45,30,0.681,242.02,43.963
411E,300,23.45,30,1,252.71,45.815
411E,300,23.45,30,1.47,264.05,47.482
411E,300,23.45,30,2.15,276.05,49.192
411E,300,23.45,30,3.16,288.67,51.212
411E,300,23.45,30,4.64,301.85,53.354
411E,300,23.45,30,6.81,315.74,55.578
411E,300,23.45,30,10,330.48,57.992
411E,300,23.45,30,14.7,347.02,60.635
411E,300,23.45,30,21.5,366.58,63.545
411E,300,23.45,30,31.6,390.94,64.64
411E,300,23.45,30,46.4,428.02,66.403
411E,300,23.45,30,68.1,489.26,66.262
411E,300,23.45,30,100,598.09,62.88
411E,300,23.45,35,0.01,146.36,55.644
411E,300,23.45,35,0.0147,164.15,59.751
411E,300,23.45,35,0.0215,186.85,60.391
411E,300,23.45,35,0.0316,209.41,56.909
411E,300,23.45,35,0.0464,225.56,58.409
411E,300,23.45,35,0.0681,242.03,57.026
411E,300,23.45,35,0.1,260.15,53.616
411E,300,23.45,35,0.147,273.82,54.606
411E,300,23.45,35,0.215,287.78,53.673
411E,300,23.45,35,0.316,301.58,52.847
411E,300,23.45,35,0.464,314.93,52.387
411E,300,23.45,35,0.681,327.81,52.19
411E,300,23.45,35,1,340.89,52.598
411E,300,23.45,35,1.47,353.68,53.178
411E,300,23.45,35,2.15,366.62,53.505
411E,300,23.45,35,3.16,379.61,54.265
411E,300,23.45,35,4.64,392.98,54.956
411E,300,23.45,35,6.81,406.85,55.89
411E,300,23.45,35,10,421.39,56.929
411E,300,23.45,35,14.7,437.6,58.199
411E,300,23.45,35,21.5,456.7,59.955
411E,300,23.45,35,31.6,480.65,60.042
411E,300,23.45,35,46.4,517.32,60.761
411E,300,23.45,35,68.1,579.74,59.994
411E,300,23.45,35,100,693.6,55.668
356F,300,26.32,15,0.01,72.976,61.853
356F,300,26.32,15,0.0147,122.43,58.355
356F,300,26.32,15,0.0215,146.38,53.552
356F,300,26.32,15,0.0316,162.82,50.66
356F,300,26.32,15,0.0464,176.06,49.42
356F,300,26.32,15,0.0681,188.57,47.972
356F,300,26.32,15,0.1,200.24,47.494
356F,300,26.32,15,0.147,211.5,47.297
356F,300,26.32,15,0.215,223.01,47.135
356F,300,26.32,15,0.316,234.08,47.701
356F,300,26.32,15,0.464,245.28,48.368
356F,300,26.32,15,0.681,256.66,49.114
356F,300,26.32,15,1,268.28,49.915
356F,300,26.32,15,1.47,280.11,50.88
356F,300,26.32,15,2.15,292.24,51.967
356F,300,26.32,15,3.16,304.66,53.207
356F,300,26.32,15,4.64,317.24,54.588
356F,300,26.32,15,6.81,330.31,56.236
356F,300,26.32,15,10,343.54,58.174
356F,300,26.32,15,14.7,357.12,60.666
356F,300,26.32,15,21.5,370.03,62.581
356F,300,26.32,15,31.6,382.54,65.245
356F,300,26.32,15,46.4,393.02,67.76
356F,300,26.32,15,68.1,397.61,68.955
356F,300,26.32,15,100,384.69,66.022
356F,300,26.32,20,0.01,176.26,52.608
356F,300,26.32,20,0.0147,192.07,48.853
356F,300,26.32,20,0.0215,205.55,48.233
356F,300,26.32,20,0.0316,217.81,47.334
356F,300,26.32,20,0.0464,228.81,47.248
356F,300,26.32,20,0.0681,239.74,46.731
356F,300,26.32,20,0.1,250.72,46.708
356F,300,26.32,20,0.147,261.57,47.176
356F,300,26.32,20,0.215,272.44,47.589
356F,300,26.32,20,0.316,283.63,48.057
356F,300,26.32,20,0.464,295.31,48.583
356F,300,26.32,20,0.681,306.6,49.323
356F,300,26.32,20,1,318.32,50.127
356F,300,26.32,20,1.47,330.19,50.934
356F,300,26.32,20,2.15,342.33,51.886
356F,300,26.32,20,3.16,354.67,52.906
356F,300,26.32,20,4.64,367.25,54.095
356F,300,26.32,20,6.81,380.09,55.523
356F,300,26.32,20,10,393.19,57.263
356F,300,26.32,20,14.7,406.52,59.436
356F,300,26.32,20,21.5,419.09,61.101
356F,300,26.32,20,31.6,431.31,63.4
356F,300,26.32,20,46.4,441.41,65.562
356F,300,26.32,20,68.1,446.22,66.824
356F,300,26.32,20,100,432.34,62.879
356F,300,26.32,25,0.01,219.13,53.779
356F,300,26.32,25,0.0147,233.39,50.17
356F,300,26.32,25,0.0215,246,49.944
356F,300,26.32,25,0.0316,256.88,50.057
356F,300,26.32,25,0.0464,269.07,48.968
356F,300,26.32,25,0.0681,280.11,49.108
356F,300,26.32,25,0.1,291.37,49.2
356F,300,26.32,25,0.147,303.01,48.989
356F,300,26.32,25,0.215,314.31,49.575
356F,300,26.32,25,0.316,325.76,50.04
356F,300,26.32,25,0.464,337.28,50.381
356F,300,26.32,25,0.681,349.04,50.942
356F,300,26.32,25,1,360.97,51.564
356F,300,26.32,25,1.47,373.18,52.314
356F,300,26.32,25,2.15,385.43,52.892
356F,300,26.32,25,3.16,397.91,53.704
356F,300,26.32,25,4.64,410.64,54.686
356F,300,26.32,25,6.81,423.58,55.836
356F,300,26.32,25,10,436.5,57.197
356F,300,26.32,25,14.7,449.61,59.199
356F,300,26.32,25,21.5,462.45,62.13
356F,300,26.32,25,31.6,472.87,62.545
356F,300,26.32,25,46.4,480.88,64.199
356F,300,26.32,25,68.1,480.35,65.085
356F,300,26.32,25,100,458.03,61.292
356F,300,26.32,30,0.01,257.93,55.595
356F,300,26.32,30,0.0147,267.7,57.781
356F,300,26.32,30,0.0215,281.79,59.078
356F,300,26.32,30,0.0316,296.84,58.08
356F,300,26.32,30,0.0464,310.13,57.149
356F,300,26.32,30,0.0681,322.73,56.279
356F,300,26.32,30,0.1,337.68,54.379
356F,300,26.32,30,0.147,349.83,54.333
356F,300,26.32,30,0.215,362.14,54.291
356F,300,26.32,30,0.316,374.8,54.268
356F,300,26.32,30,0.464,387.31,54.082
356F,300,26.32,30,0.681,399.94,54.14
356F,300,26.32,30,1,412.58,54.294
356F,300,26.32,30,1.47,425.37,54.651
356F,300,26.32,30,2.15,438.17,54.94
356F,300,26.32,30,3.16,451.14,55.423
356F,300,26.32,30,4.64,464.2,56.013
356F,300,26.32,30,6.81,477.31,56.817
356F,300,26.32,30,10,490.56,57.965
356F,300,26.32,30,14.7,503.86,59.555
356F,300,26.32,30,21.5,516.33,60.731
356F,300,26.32,30,31.6,528.04,62.481
356F,300,26.32,30,46.4,537.02,64.026
356F,300,26.32,30,68.1,538.48,64.164
356F,300,26.32,30,100,521.27,60.495
356F,300,26.32,35,0.01,275.96,74.992
356F,300,26.32,35,0.0147,296.73,82.767
356F,300,26.32,35,0.0215,316.49,83.533
356F,300,26.32,35,0.0316,338.31,80.521
356F,300,26.32,35,0.0464,361.33,76.371
356F,300,26.32,35,0.0681,382.84,70.961
356F,300,26.32,35,0.1,398.84,70.001
356F,300,26.32,35,0.147,415.62,67.368
356F,300,26.32,35,0.215,431.63,64.495
356F,300,26.32,35,0.316,447.99,61.875
356F,300,26.32,35,0.464,462.51,61.557
356F,300,26.32,35,0.681,476.28,60.677
356F,300,26.32,35,1,489.88,59.474
356F,300,26.32,35,1.47,503.29,58.82
356F,300,26.32,35,2.15,517.08,58.436
356F,300,26.32,35,3.16,530.47,58.294
356F,300,26.32,35,4.64,543.73,58.339
356F,300,26.32,35,6.81,557.1,58.64
356F,300,26.32,35,10,570.43,59.294
356F,300,26.32,35,14.7,583.66,60.578
356F,300,26.32,35,21.5,596.62,62.99
356F,300,26.32,35,31.6,606.83,63.045
356F,300,26.32,35,46.4,614.37,64.481
356F,300,26.32,35,68.1,613.27,64.027
356F,300,26.32,35,100,589.04,61.915